sample.id,allele1,allele2,prob
9196676004,KIR2DL2*00301,KIR2DL3*00101,0.45293055691413
5277023323,KIR2DL3*00101,KIR2DL3*00101,0.908711729031178
1162705771,KIR2DL3*00101,KIR2DL3*00501,0.735443551030744
9114112346,KIR2DL3*00101,KIR2DL3*00101,0.837809535384321
5584061727,KIR2DL3*00101,KIR2DL3*00201,0.84606409703166
9337546571,KIR2DL2*00101,KIR2DL2*00301,0.161046898409413
18933801013,KIR2DL3*00101,KIR2DL3*00101,0.896457148357442
16498329970,KIR2DL3*00101,KIR2DL3*00201,0.873181802332072
33826759327,KIR2DL2*00101,KIR2DL3*00201,0.417576032991793
17221287066,KIR2DL3*00101,KIR2DL3*00101,0.912686866287353
16404600259,KIR2DL3*00101,KIR2DL3*00201,0.842538933709075
33360484375,KIR2DL2*00101,KIR2DL3*00201,0.593044176810199
3362823057,KIR2DL3*00101,KIR2DL3*00201,0.795484004702745
8295444777,KIR2DL3*00101,KIR2DL3*00101,0.912099392539863
30763583500,KIR2DL2*00101,KIR2DL2*00301,0.383991149236668
9187273593,KIR2DL2*00101,KIR2DL3*00101,0.641192246147064
2974155716,KIR2DL3*00101,KIR2DL3*00201,0.857526684486957
16048718077,KIR2DL2*00301,KIR2DL3*00101,0.276201613660697
7600519194,KIR2DL3*00101,KIR2DL3*00101,0.904235179365563
3219721487,KIR2DL3*00101,KIR2DL3*00201,0.793125575058022
35428792184,KIR2DL3*00101,KIR2DL3*00101,0.909807567678806
8513152915,KIR2DL3*00101,KIR2DL3*00101,0.780751052742858
9753872824,KIR2DL2*00101,KIR2DL2*00301,0.357364609725261
49509384936,KIR2DL3*00101,KIR2DL3*00201,0.778414952357096
205939599,KIR2DL3*00101,KIR2DL3*00201,0.847238230197963
9725200990,KIR2DL2*00101,KIR2DL3*00101,0.509931704740969
7953089372,KIR2DL2*00101,KIR2DL3*00101,0.420879668175379
9312363381,KIR2DL3*00101,KIR2DL3*00101,0.908461310147972
8938086698,KIR2DL2*00602,KIR2DL3*00101,0.453093036177317
9494511637,KIR2DL3*00101,KIR2DL3*00201,0.654110111583826
9451384746,KIR2DL3*00101,KIR2DL3*00201,0.777988538597741
34588856030,KIR2DL2*00101,KIR2DL3*00101,0.511184010950301
7484358017,KIR2DL2*00301,KIR2DL3*009,0.478222154315552
9648056139,KIR2DL3*00101,KIR2DL3*00101,0.904721786431142
14840339886,KIR2DL3*00101,KIR2DL3*00101,0.705137107123648
6806569294,KIR2DL3*00101,KIR2DL3*00101,0.890360007028843
33230570101,KIR2DL3*00101,KIR2DL3*00101,0.908283455291311
2393261509,KIR2DL2*00301,KIR2DL3*00201,0.341230575272928
28473484589,KIR2DL3*00101,KIR2DL3*00501,0.581149583846182
7700206832,KIR2DL2*00101,KIR2DL3*00101,0.436600092271492
8194204177,KIR2DL3*00101,KIR2DL3*00101,0.89092678833582
5645833360,KIR2DL3*00101,KIR2DL3*00101,0.79517479860583
38299127503,KIR2DL2*00101,KIR2DL3*00101,0.448087140416939
15634990827,KIR2DL3*00101,KIR2DL3*00201,0.865235875089567
4224979077,KIR2DL2*00301,KIR2DL3*00201,0.386823791418906
27635407756,KIR2DL3*00101,KIR2DL3*00101,0.912523032012119
7817262251,KIR2DL2*00301,KIR2DL3*00501,0.362800742783935
7962453143,KIR2DL3*00101,KIR2DL3*00201,0.847408426493816
35082006054,KIR2DL3*00101,KIR2DL3*00101,0.581424405888312
33864927412,KIR2DL2*00101,KIR2DL3*00201,0.253138217835645
18845208588,KIR2DL3*00101,KIR2DL3*00101,0.909273629205956
9270317491,KIR2DL2*00101,KIR2DL3*00201,0.599583207005109
9672476647,KIR2DL2*00101,KIR2DL3*00201,0.415531592056576
9415590263,KIR2DL3*00201,KIR2DL3*00501,0.711144943882282
34895923873,KIR2DL3*00101,KIR2DL3*00101,0.899806816722238
31109476310,KIR2DL2*00101,KIR2DL3*00101,0.612786990951289
9592717153,KIR2DL3*00101,KIR2DL3*00101,0.91554237513771
7759110822,KIR2DL2*00101,KIR2DL3*00101,0.407574830391006
9067948532,KIR2DL2*00101,KIR2DL3*00101,0.661460865591082
5601400987,KIR2DL3*00101,KIR2DL3*00101,0.919437849436564
8564910336,KIR2DL3*00201,KIR2DL3*00501,0.647755568811045
18260903017,KIR2DL2*00101,KIR2DL3*00201,0.496487457745177
16663403925,KIR2DL3*00101,KIR2DL3*00101,0.906933782565413
8795171889,KIR2DL2*00101,KIR2DL3*00101,0.423283539979997
9344413459,KIR2DL2*00101,KIR2DL3*00201,0.605130434421571
14603189366,KIR2DL2*00101,KIR2DL3*00101,0.623436349494441
9630932158,KIR2DL3*00101,KIR2DL3*00101,0.89162989120304
7822959818,KIR2DL2*00602,KIR2DL3*00101,0.477658915969302
8177364477,KIR2DL2*00101,KIR2DL3*00101,0.621971157553546
31155590444,KIR2DL2*00101,KIR2DL2*00101,0.325347010860027
13535739702,KIR2DL2*00101,KIR2DL3*00201,0.398581579011202
7415646815,KIR2DL3*00101,KIR2DL3*00201,0.816026307633345
16542561782,KIR2DL3*00101,KIR2DL3*00201,0.782180795255746
30835627866,KIR2DL3*00101,KIR2DL3*00201,0.672940012099672
5501322349,KIR2DL2*00101,KIR2DL2*00301,0.408633100708622
18535331982,KIR2DL2*00101,KIR2DL3*00101,0.643148868702342
18249454523,KIR2DL3*00101,KIR2DL3*00201,0.744038248250906
6478670786,KIR2DL3*00101,KIR2DL3*00101,0.837720383832995
33834619817,KIR2DL2*00101,KIR2DL3*00101,0.622207596036389
36445534148,KIR2DL3*00101,KIR2DL3*00201,0.603853710923352
7806144038,KIR2DL2*00301,KIR2DL3*00101,0.434646000689767
9221455313,KIR2DL2*00101,KIR2DL2*00101,0.499646466006395
9675229291,KIR2DL3*00101,KIR2DL3*00101,0.891280989347847
34945102531,KIR2DL2*00101,KIR2DL3*00101,0.167242691752914
8873272621,KIR2DL3*00101,KIR2DL3*00101,0.915358087558718
14907020645,KIR2DL3*00101,KIR2DL3*00201,0.863619956932043
6572681097,KIR2DL3*00101,KIR2DL3*00101,0.885611499967049
2321633904,KIR2DL3*00101,KIR2DL3*00101,0.552367107188681
9611268055,KIR2DL2*00101,KIR2DL3*00101,0.493570711260849
51704896696,KIR2DL2*00101,KIR2DL3*00101,0.641726269183354
6321927440,KIR2DL2*00101,KIR2DL3*00101,0.488872828979571
49758481671,KIR2DL2*00101,KIR2DL3*00101,0.548861736273562
6770882452,KIR2DL3*00101,KIR2DL3*00201,0.843038523649387
9546434658,KIR2DL3*00101,KIR2DL3*00101,0.867807331624737
25547598684,KIR2DL3*00101,KIR2DL3*00101,0.905251299778616
14845933493,KIR2DL2*00101,KIR2DL3*00101,0.508576844397898
16048972918,KIR2DL2*00101,KIR2DL2*00301,0.428324004748063
7820928455,KIR2DL3*00101,KIR2DL3*00201,0.877381770080122
33809673067,KIR2DL2*00301,KIR2DL3*00101,0.422212677417149
640440473,KIR2DL3*00201,KIR2DL3*00501,0.609218491732897
9224080997,KIR2DL2*00101,KIR2DL3*00101,0.631206841215628
5200932793,KIR2DL3*00101,KIR2DL3*00101,0.899739668894634
9213134824,KIR2DL3*00101,KIR2DL3*00201,0.85927509766823
5499829187,KIR2DL2*00101,KIR2DL3*00101,0.596542457952733
8568430260,KIR2DL3*00101,KIR2DL3*00201,0.851576474429713
8933772813,KIR2DL2*00101,KIR2DL3*00101,0.503399731759568
16852240589,KIR2DL3*00101,KIR2DL3*00101,0.7055195314278
6207413065,KIR2DL3*00101,KIR2DL3*00201,0.841925666261882
28777488829,KIR2DL3*00101,KIR2DL3*00101,0.902999758414728
9719461103,KIR2DL2*00101,KIR2DL3*00201,0.409900671139056
7451704418,KIR2DL3*00101,KIR2DL3*00101,0.901779395395195
16562683126,KIR2DL3*00101,KIR2DL3*00101,0.92646184688317
5095399468,KIR2DL3*00101,KIR2DL3*009,0.918057071499889
33122175573,KIR2DL3*00101,KIR2DL3*00101,0.85959127165234
5495369022,KIR2DL3*00101,KIR2DL3*00501,0.733317689934372
9665445999,KIR2DL3*00201,KIR2DL3*00201,0.815550337946515
9160065481,KIR2DL3*00101,KIR2DL3*00201,0.853009385043864
16391144323,KIR2DL3*00101,KIR2DL3*00201,0.840770882467933
6488470637,KIR2DL3*00101,KIR2DL3*00201,0.83201264920673
9126559961,KIR2DL3*00101,KIR2DL3*00501,0.735345502984967
9460858917,KIR2DL3*00201,KIR2DL3*00501,0.695021633398631
16375093984,KIR2DL2*00301,KIR2DL3*00101,0.448058687899384
8817017315,KIR2DL2*00101,KIR2DL3*00101,0.383914749454806
14241962898,KIR2DL23*0000,KIR2DL3*00201,0.142422123880175
35773270952,KIR2DL2*00101,KIR2DL3*00101,0.439049039826011
344331683,KIR2DL3*00101,KIR2DL3*00101,0.880354561787175
8424436290,KIR2DL2*00101,KIR2DL2*00301,0.386363646569684
9185749151,KIR2DL2*00101,KIR2DL3*00101,0.478610767119828
5923774889,KIR2DL3*00101,KIR2DL3*00201,0.835900870111816
35104271000,KIR2DL2*00101,KIR2DL2*00301,0.343242757492359
31204121422,KIR2DL3*00101,KIR2DL3*00201,0.844751331115084
7283830899,KIR2DL3*00101,KIR2DL3*00201,0.820407189091945
14242465219,KIR2DL3*00101,KIR2DL3*00201,0.797443144602301
9093643242,KIR2DL2*00101,KIR2DL3*00101,0.61650809728584
32801127393,KIR2DL3*00101,KIR2DL3*00201,0.81219488895787
9717572341,KIR2DL3*00101,KIR2DL3*00101,0.869066981535807
35937291506,KIR2DL3*00101,KIR2DL3*00101,0.917224375424691
17669637636,KIR2DL2*00301,KIR2DL3*00101,0.451055519496168
17829980946,KIR2DL3*00101,KIR2DL3*00101,0.889982415297781
18992873363,KIR2DL2*00101,KIR2DL3*00101,0.604622371505003
16436079936,KIR2DL3*00101,KIR2DL3*00501,0.730247912194996
8321876408,KIR2DL2*00101,KIR2DL3*00101,0.432868522626912
6647705346,KIR2DL3*00101,KIR2DL3*00101,0.904147971953857
16265771174,KIR2DL2*00101,KIR2DL3*00101,0.657672386122658
31294985330,KIR2DL3*00101,KIR2DL3*013,0.419940649468416
9458177114,KIR2DL2*00101,KIR2DL2*00301,0.335224530633352
9691329310,KIR2DL3*00101,KIR2DL3*00101,0.90848964414727
15678633839,KIR2DL2*00101,KIR2DL3*00101,0.442214115429541
140173321,KIR2DL3*00201,KIR2DL3*00501,0.704291032825617
8596012813,KIR2DL2*00101,KIR2DL2*00301,0.301493284958155
8832580973,KIR2DL3*00101,KIR2DL3*00101,0.891308164046033
5989515407,KIR2DL2*00101,KIR2DL2*00301,0.436913065260645
9720585344,KIR2DL2*00101,KIR2DL3*00101,0.551240088245376
9762208034,KIR2DL3*00101,KIR2DL3*006,0.680020925898651
15664959863,KIR2DL3*00101,KIR2DL3*00101,0.899716621285244
9469674367,KIR2DL2*00301,KIR2DL3*00201,0.410292694557353
8338958989,KIR2DL2*00101,KIR2DL2*00301,0.351442758584974
32549776655,KIR2DL3*00101,KIR2DL3*00101,0.771356514073045
8411831355,KIR2DL2*00101,KIR2DL3*00101,0.636680798665044
28671417303,KIR2DL3*00101,KIR2DL3*00101,0.864887990304332
9115375508,KIR2DL3*00101,KIR2DL3*00101,0.887215066588723
9653342465,KIR2DL3*00101,KIR2DL3*00201,0.607757394510268
9114160186,KIR2DL3*00101,KIR2DL3*00201,0.783676414202851
9278872581,KIR2DL2*00301,KIR2DL3*00101,0.440047550801532
14221221473,KIR2DL2*00101,KIR2DL3*00101,0.326154144980489
9372880133,KIR2DL3*00101,KIR2DL3*00101,0.905918418989474
37183751302,KIR2DL2*00101,KIR2DL3*00101,0.401203550947712
7907539198,KIR2DL2*00101,KIR2DL3*00101,0.532182250738902
9753720104,KIR2DL2*00101,KIR2DL3*00101,0.607302427230498
31930509202,KIR2DL2*00101,KIR2DL3*00101,0.651201150134495
9608027811,KIR2DL3*00201,KIR2DL3*00501,0.669225144620731
9591069431,KIR2DL3*00101,KIR2DL3*00201,0.848094104997901
9386550429,KIR2DL3*00101,KIR2DL3*00101,0.8956360532232
9090502358,KIR2DL3*00101,KIR2DL3*00201,0.832081257219361
9660897514,KIR2DL2*00101,KIR2DL3*00201,0.623110555149248
19055421477,KIR2DL2*00101,KIR2DL3*00201,0.167322798514606
14465184602,KIR2DL3*00101,KIR2DL3*00101,0.864590637079776
16555767478,KIR2DL2*00301,KIR2DL3*00101,0.449978868049349
31720270553,KIR2DL2*00101,KIR2DL3*00201,0.587629387325449
7536876279,KIR2DL3*00101,KIR2DL3*00501,0.602575549827442
7283996499,KIR2DL3*00101,KIR2DL3*00201,0.846964102384545
6233801456,KIR2DL3*00101,KIR2DL3*00101,0.89804360031663
16481436910,KIR2DL3*00101,KIR2DL3*00101,0.905078407330792
7302952202,KIR2DL2*00101,KIR2DL3*00101,0.414609385060372
18342256873,KIR2DL2*00101,KIR2DL3*00101,0.52485590257322
35182338612,KIR2DL2*00301,KIR2DL3*00101,0.4183019250883
9508535213,KIR2DL3*00101,KIR2DL3*00101,0.393204683570184
25624070095,KIR2DL3*00101,KIR2DL3*00201,0.853889929869626
9697439957,KIR2DL3*00101,KIR2DL3*00201,0.84376686352132
13912208748,KIR2DL2*00101,KIR2DL3*00101,0.621188477818217
9046081026,KIR2DL3*00101,KIR2DL3*00101,0.855394125382095
9518325865,KIR2DL3*00101,KIR2DL3*00101,0.924304146859885
9380411262,KIR2DL3*00101,KIR2DL3*00101,0.908283455291311
36239803504,KIR2DL3*00101,KIR2DL3*00101,0.921199902425259
7762069545,KIR2DL3*00101,KIR2DL3*00201,0.825816218659192
9622052308,KIR2DL3*00101,KIR2DL3*00201,0.81004682807983
8355893449,KIR2DL2*00101,KIR2DL3*00101,0.469075423311946
7829791746,KIR2DL2*00301,KIR2DL3*00101,0.448190359341456
16954501470,KIR2DL2*00301,KIR2DL3*00201,0.408350535195767
18571325184,KIR2DL3*00101,KIR2DL3*00101,0.883463442330892
8523171727,KIR2DL3*00101,KIR2DL3*00201,0.855808336943452
8975048662,KIR2DL3*00101,KIR2DL3*00201,0.838785750208838
16663919126,KIR2DL2*00101,KIR2DL3*00201,0.429302587988216
9721565146,KIR2DL3*00101,KIR2DL3*00201,0.833977232434426
8924372242,KIR2DL3*00201,KIR2DL3*00501,0.705593100220294
9681055658,KIR2DL2*00101,KIR2DL3*00101,0.545968467318468
1546378426,KIR2DL2*00101,KIR2DL2*00301,0.367738413979754
18407997391,KIR2DL3*00101,KIR2DL3*00101,0.410054535380435
5502329750,KIR2DL3*00101,KIR2DL3*00101,0.89013151660984
6566006489,KIR2DL3*00101,KIR2DL3*00101,0.918209441911696
3764134892,KIR2DL3*00101,KIR2DL3*006,0.377661439344505
9430964402,KIR2DL2*00301,KIR2DL3*00101,0.455182801038136
8566199258,KIR2DL3*00101,KIR2DL3*00101,0.922530859264143
9398666843,KIR2DL2*00101,KIR2DL3*00201,0.612663559228921
14877473890,KIR2DL3*00101,KIR2DL3*00101,0.908882736464627
37775589843,KIR2DL3*00101,KIR2DL3*00101,0.888265470090367
28608610669,KIR2DL2*00101,KIR2DL3*00101,0.472526302509458
8905480019,KIR2DL3*00101,KIR2DL3*00101,0.911831077205274
487064332,KIR2DL2*00101,KIR2DL3*00101,0.390001948376469
9368884568,KIR2DL3*00101,KIR2DL3*00201,0.86405343792948
16632218648,KIR2DL2*00101,KIR2DL3*00101,0.67255442740391
16516534951,KIR2DL3*00101,KIR2DL3*00101,0.880717260060879
9497055440,KIR2DL2*00101,KIR2DL3*00101,0.418495433313013
7855944617,KIR2DL3*00101,KIR2DL3*00201,0.858533104990488
2485787858,KIR2DL2*00101,KIR2DL3*00101,0.398813096445385
8179278079,KIR2DL3*00101,KIR2DL3*00101,0.90545852827959
30751893046,KIR2DL2*00101,KIR2DL3*00101,0.640447601072224
32995254983,KIR2DL3*00101,KIR2DL3*00101,0.91845719608831
7820092174,KIR2DL2*00101,KIR2DL3*00101,0.427859936931478
8277619756,KIR2DL2*00101,KIR2DL2*00101,0.488875642580797
8258726614,KIR2DL2*00101,KIR2DL3*00101,0.459173492033377
2188223626,KIR2DL2*00301,KIR2DL3*00101,0.437550248869534
13658358367,KIR2DL2*00101,KIR2DL3*00101,0.628374855399365
33113652683,KIR2DL2*00301,KIR2DL3*00101,0.423567186258984
33218748087,KIR2DL2*00101,KIR2DL3*00201,0.482321686508089
7275268449,KIR2DL3*00101,KIR2DL3*00101,0.735732982758235
19597946120,KIR2DL3*00101,KIR2DL3*00201,0.814774244819084
7799137309,KIR2DL3*00201,KIR2DL3*00201,0.793542568084821
16949228023,KIR2DL2*00101,KIR2DL3*00201,0.280352930810317
9585389344,KIR2DL2*00101,KIR2DL3*00201,0.438925254512386
16542241622,KIR2DL2*00101,KIR2DL3*00101,0.42783274828854
33341730153,KIR2DL2*00301,KIR2DL3*00201,0.435181249564184
7773834519,KIR2DL3*00101,KIR2DL3*00101,0.877768189045211
7460463748,KIR2DL2*00101,KIR2DL3*00101,0.602058263144441
15809310794,KIR2DL3*00201,KIR2DL3*00201,0.807023743462125
5118636856,KIR2DL3*00101,KIR2DL3*00101,0.867489171843255
9144886383,KIR2DL2*00101,KIR2DL2*00101,0.227862722072719
31171652744,KIR2DL2*00101,KIR2DL3*00101,0.58372580119393
5457674737,KIR2DL2*00301,KIR2DL3*00101,0.416484023711412
6355363040,KIR2DL3*00101,KIR2DL3*00101,0.919203507430828
8723486324,KIR2DL3*00101,KIR2DL3*00101,0.905251299778616
17131107639,KIR2DL3*00201,KIR2DL3*00201,0.807972166333825
5186175055,KIR2DL2*00101,KIR2DL3*00101,0.430008745993395
2831439627,KIR2DL2*00301,KIR2DL2*00301,0.31949199446614
1439353779,KIR2DL2*00101,KIR2DL3*00101,0.613236572262648
9710595053,KIR2DL3*00101,KIR2DL3*00201,0.81250650503433
13728677730,KIR2DL2*00101,KIR2DL3*00201,0.492350250013946
9058614201,KIR2DL2*00301,KIR2DL3*00101,0.411428324475041
8448425318,KIR2DL2*00101,KIR2DL3*00101,0.434543010889972
5563183222,KIR2DL2*00101,KIR2DL3*00101,0.47990578692268
5386050812,KIR2DL2*00101,KIR2DL3*00101,0.41493922932911
31494626486,KIR2DL3*00101,KIR2DL3*00101,0.868764516952186
15816032322,KIR2DL3*00101,KIR2DL3*00101,0.906072852741943
9300232247,KIR2DL3*00201,KIR2DL3*00201,0.8155838873273
9229268883,KIR2DL3*00101,KIR2DL3*00101,0.895049736248829
9558379952,KIR2DL3*00101,KIR2DL3*00101,0.882977201085825
9703875365,KIR2DL3*00101,KIR2DL3*00501,0.706924663924488
9704332605,KIR2DL2*00101,KIR2DL3*00201,0.29667660149346
1742852938,KIR2DL2*00101,KIR2DL3*00201,0.588890558048369
3669610300,KIR2DL3*00101,KIR2DL3*00101,0.906717323845211
6507165980,KIR2DL3*00101,KIR2DL3*00101,0.922805601442916
7746857327,KIR2DL2*00101,KIR2DL3*00201,0.427319083417586
18624127727,KIR2DL3*00101,KIR2DL3*00201,0.831553788596883
17131627439,KIR2DL2*00101,KIR2DL3*00201,0.576687099547693
9334806808,KIR2DL3*00101,KIR2DL3*00101,0.902830637488119
9747237776,KIR2DL3*00201,KIR2DL3*009,0.862334800111352
13716338676,KIR2DL3*00101,KIR2DL3*00101,0.86859794462802
19613162938,KIR2DL3*00101,KIR2DL3*00201,0.821412209414537
16498367690,KIR2DL2*00101,KIR2DL3*00101,0.562916538237304
33494130173,KIR2DL3*00101,KIR2DL3*00101,0.896933867417851
34442903377,KIR2DL3*00101,KIR2DL3*00101,0.905251299778616
34663579438,KIR2DL3*00101,KIR2DL3*00201,0.82189092890358
8181788762,KIR2DL3*00101,KIR2DL3*00101,0.915294952319585
9340944135,KIR2DL2*00101,KIR2DL3*00101,0.450459627945425
6597928687,KIR2DL2*00101,KIR2DL3*00101,0.500741423453261
9598734880,KIR2DL3*00101,KIR2DL3*00101,0.891210285582532
9059584802,KIR2DL3*00101,KIR2DL3*00101,0.885044239066128
14438243290,KIR2DL2*00301,KIR2DL3*00101,0.477283735993541
51433212094,KIR2DL2*00101,KIR2DL2*00301,0.44060132074307
16324113043,KIR2DL2*00101,KIR2DL3*009,0.647331412030668
37686389297,KIR2DL2*00101,KIR2DL3*00501,0.25344003508053
9038235256,KIR2DL2*00101,KIR2DL3*00201,0.513117835102534
15923932809,KIR2DL2*00101,KIR2DL3*00201,0.23266675290638
38471189787,KIR2DL3*00101,KIR2DL3*00501,0.577497268158632
9463809360,KIR2DL3*00201,KIR2DL3*00201,0.827266013264924
30997962058,KIR2DL2*00101,KIR2DL2*00301,0.33233371394097
33028501982,KIR2DL3*00201,KIR2DL3*00201,0.615804580808661
18221269370,KIR2DL2*00101,KIR2DL2*00301,0.198824578121064
34094839365,KIR2DL3*00101,KIR2DL3*00101,0.900250506006122
16452710796,KIR2DL2*00101,KIR2DL3*00201,0.613964223630698
8565099856,KIR2DL2*00101,KIR2DL3*00101,0.542968778800235
5281643569,KIR2DL3*00101,KIR2DL3*00201,0.754350922686589
9715244738,KIR2DL2*00101,KIR2DL3*009,0.624407596777091
17131231839,KIR2DL2*00101,KIR2DL3*00201,0.39936641135864
6224330045,KIR2DL3*00101,KIR2DL3*00101,0.418505468573755
7290239627,KIR2DL3*00101,KIR2DL3*00101,0.643981131225054
7594478467,KIR2DL3*00101,KIR2DL3*00201,0.847211749037495
3697880093,KIR2DL3*00101,KIR2DL3*00101,0.853717444537531
30631590024,KIR2DL2*00101,KIR2DL2*00301,0.177724292889138
1503909335,KIR2DL2*00301,KIR2DL3*00101,0.455030426136297
14432290883,KIR2DL2*00101,KIR2DL3*00501,0.347050728521403
7592308184,KIR2DL3*00101,KIR2DL3*00201,0.852138715243048
7476470847,KIR2DL2*00101,KIR2DL3*00101,0.498449278867138
36744882262,KIR2DL2*00101,KIR2DL3*00101,0.534523802436656
8898151291,KIR2DL2*00101,KIR2DL3*00201,0.41364239227678
9343605698,KIR2DL2*00101,KIR2DL3*00201,0.506579524134161
35207432562,KIR2DL2*00101,KIR2DL3*00101,0.290631885808524
14174467938,KIR2DL3*00101,KIR2DL3*00101,0.877843588235105
9681699658,KIR2DL3*00101,KIR2DL3*00101,0.637133742133492
8512117914,KIR2DL3*00101,KIR2DL3*00101,0.757411836544379
7768975994,KIR2DL2*00101,KIR2DL2*00301,0.262681229052565
8897627810,KIR2DL2*00101,KIR2DL3*00101,0.478954260940435
30566050066,KIR2DL2*00301,KIR2DL3*00101,0.421927595331579
7280230935,KIR2DL2*00101,KIR2DL2*00301,0.290495014787792
8456145967,KIR2DL3*00101,KIR2DL3*009,0.910804572291526
8273497231,KIR2DL3*00101,KIR2DL3*00101,0.886804475126278
17145124775,KIR2DL2*00301,KIR2DL3*00201,0.290536272165714
14452047907,KIR2DL3*00101,KIR2DL3*00101,0.903628943650591
16422082119,KIR2DL3*00101,KIR2DL3*00201,0.842511208936069
7481840894,KIR2DL2*00101,KIR2DL3*00101,0.643643480733644
32627407267,KIR2DL3*00101,KIR2DL3*00201,0.789475097487623
9308929937,KIR2DL3*00101,KIR2DL3*00201,0.266740449957522
8755993642,KIR2DL2*00101,KIR2DL3*00101,0.548860577402614
13658464167,KIR2DL3*00101,KIR2DL3*00101,0.893403304761271
9062084445,KIR2DL3*00101,KIR2DL3*00101,0.906711281082797
9144057462,KIR2DL2*00101,KIR2DL3*00101,0.450601835187814
17501223157,KIR2DL3*00101,KIR2DL3*00101,0.910866329496635
28653131361,KIR2DL2*00101,KIR2DL3*00101,0.43347077310999
7790760699,KIR2DL3*00101,KIR2DL3*00201,0.835839143784705
25819333886,KIR2DL2*00101,KIR2DL2*00301,0.230378694946156
31288396282,KIR2DL3*00101,KIR2DL3*00101,0.895318186212371
7548995453,KIR2DL2*00101,KIR2DL3*00101,0.564613837816847
8708223506,KIR2DL2*00301,KIR2DL3*00101,0.460391902451773
13708633666,KIR2DL2*00101,KIR2DL2*00301,0.318429802223466
16422546720,KIR2DL2*00301,KIR2DL3*00101,0.147145792968443
8179695760,KIR2DL3*00101,KIR2DL3*00201,0.511846516026157
16120492882,KIR2DL3*00101,KIR2DL3*00201,0.264472528141521
32440527446,KIR2DL3*00101,KIR2DL3*00101,0.907418195924934
8655579203,KIR2DL2*00101,KIR2DL2*00301,0.222722595961188
7601510955,KIR2DL3*00101,KIR2DL3*00101,0.696576425670139
3489028806,KIR2DL2*00301,KIR2DL3*00201,0.422971708800832
19314133144,KIR2DL2*00101,KIR2DL2*00301,0.331572431609668
9754838825,KIR2DL2*00101,KIR2DL2*00301,0.343220345001736
8574062507,KIR2DL3*00101,KIR2DL3*00501,0.28091300072005
33230767902,KIR2DL3*00101,KIR2DL3*00201,0.852771293810879
7545630089,KIR2DL3*00101,KIR2DL3*00101,0.873042725419431
3232508582,KIR2DL3*00101,KIR2DL3*00101,0.868454553164218
570271990,KIR2DL2*00101,KIR2DL3*00501,0.229629404317755
16422716000,KIR2DL3*00101,KIR2DL3*00201,0.858273317631063
18347747439,KIR2DL2*00101,KIR2DL2*00301,0.344227807080847
16843827179,KIR2DL2*00101,KIR2DL3*00101,0.653083325296114
9692005511,KIR2DL3*00101,KIR2DL3*00201,0.618073881705559
19561603317,KIR2DL3*00101,KIR2DL3*00101,0.651287590898544
8829965410,KIR2DL3*00101,KIR2DL3*00201,0.612477487631955
9277489820,KIR2DL3*00101,KIR2DL3*00101,0.918978787284021
9460863517,KIR2DL3*00101,KIR2DL3*00101,0.887830391468926
17113334138,KIR2DL2*00101,KIR2DL3*00101,0.50641653998801
16414587790,KIR2DL3*00101,KIR2DL3*00101,0.702697185894293
17251183421,KIR2DL3*00101,KIR2DL3*00101,0.903274022747097
9385673668,KIR2DL3*00101,KIR2DL3*00201,0.829269068302387
14633130801,KIR2DL3*00101,KIR2DL3*00101,0.906529867301302
8309983554,KIR2DL3*00101,KIR2DL3*00101,0.900994842000622
8168757867,KIR2DL3*00101,KIR2DL3*00101,0.637733349811316
2261566113,KIR2DL2*00101,KIR2DL2*00301,0.386592079847594
1744864061,KIR2DL2*00301,KIR2DL3*00201,0.40466970066679
7835412952,KIR2DL3*00101,KIR2DL3*00201,0.868105181282219
7956060975,KIR2DL3*00201,KIR2DL3*00201,0.551347970120189
8651525679,KIR2DL3*00101,KIR2DL3*00101,0.915781235120554
8878311467,KIR2DL3*00101,KIR2DL3*00101,0.903167450686346
7798053548,KIR2DL3*00101,KIR2DL3*00201,0.777898011900345
9697468477,KIR2DL2*00101,KIR2DL3*00201,0.354197998600002
9666211440,KIR2DL2*00101,KIR2DL3*00201,0.581889711300765
19055168477,KIR2DL3*00101,KIR2DL3*00201,0.83625845944353
8814609672,KIR2DL3*00101,KIR2DL3*00201,0.836571560376384
13368861624,KIR2DL2*00101,KIR2DL3*00101,0.526556705869721
17709266683,KIR2DL3*00101,KIR2DL3*00101,0.795425074378733
15995024974,KIR2DL3*00101,KIR2DL3*00201,0.846686995443375
9040813100,KIR2DL3*00101,KIR2DL3*00201,0.853788366658386
18945246747,KIR2DL2*00101,KIR2DL3*00101,0.503744022919221
15801847745,KIR2DL3*00101,KIR2DL3*00201,0.493387351746266
9452656187,KIR2DL3*00101,KIR2DL3*00201,0.826922628071563
9758811390,KIR2DL3*00101,KIR2DL3*009,0.918892645559517
5442645599,KIR2DL3*00101,KIR2DL3*00101,0.901944977654661
9027643284,KIR2DL3*00101,KIR2DL3*00201,0.80824397233088
28440561430,KIR2DL3*00101,KIR2DL3*00101,0.904704611729101
16223028844,KIR2DL2*00101,KIR2DL2*00301,0.451080889319671
13562444573,KIR2DL3*00101,KIR2DL3*00101,0.902166690175097
9205729735,KIR2DL3*00101,KIR2DL3*00201,0.861470409467516
14612037016,KIR2DL3*00101,KIR2DL3*00101,0.909887966589558
9649895221,KIR2DL2*00101,KIR2DL2*00101,0.458365354642233
9617002422,KIR2DL3*00101,KIR2DL3*00101,0.865946688664854
8561797972,KIR2DL3*00201,KIR2DL3*009,0.505360924591561
3083015765,KIR2DL3*00101,KIR2DL3*00101,0.851188011495706
5396204864,KIR2DL3*00101,KIR2DL3*00101,0.879402643432661
1585727792,KIR2DL2*00101,KIR2DL2*00301,0.443293478923781
7545690809,KIR2DL2*00101,KIR2DL3*00101,0.449159647069791
14059072201,KIR2DL2*00101,KIR2DL3*00101,0.497110926314659
5566638746,KIR2DL3*00101,KIR2DL3*00101,0.893266480926841
17781585209,KIR2DL2*00101,KIR2DL3*00101,0.276913819714834
16357907443,KIR2DL2*00301,KIR2DL3*00101,0.487038841078977
14265332766,KIR2DL2*00101,KIR2DL3*00101,0.449400384257729
30671406751,KIR2DL3*00101,KIR2DL3*00101,0.909695286585709
9343781418,KIR2DL3*00101,KIR2DL3*00101,0.87604179535739
8198238382,KIR2DL3*00101,KIR2DL3*00101,0.905251299778616
8930447929,KIR2DL2*00101,KIR2DL3*00501,0.376855857688289
16452321635,KIR2DL3*00101,KIR2DL3*00101,0.867121548061766
8711206149,KIR2DL2*00101,KIR2DL3*00101,0.640564785443098
19366640366,KIR2DL3*00101,KIR2DL3*00201,0.828347523263485
15916625241,KIR2DL2*00101,KIR2DL3*00101,0.442147521225225
5932392539,KIR2DL2*00301,KIR2DL3*00501,0.389327334303634
5583483966,KIR2DL3*00201,KIR2DL3*00201,0.814527839603204
19388082831,KIR2DL3*00501,KIR2DL3*006,0.244798875728088
8114843963,KIR2DL2*00101,KIR2DL2*00301,0.163898178550754
9274534776,KIR2DL3*00101,KIR2DL3*00201,0.800121391503017
8908493943,KIR2DL2*00101,KIR2DL3*00101,0.584045082656334
32116284102,KIR2DL2*00301,KIR2DL3*00101,0.40238249168115
9658412591,KIR2DL3*00101,KIR2DL3*00201,0.690514571689911
7441079325,KIR2DL3*00201,KIR2DL3*00501,0.702557585850072
8183318724,KIR2DL2*00101,KIR2DL3*00101,0.475385311761254
32660349746,KIR2DL2*00101,KIR2DL2*00301,0.187298181697365
9725687670,KIR2DL2*00301,KIR2DL3*00101,0.44259470538418
9570982127,KIR2DL2*00101,KIR2DL2*00101,0.491448783455104
9543632335,KIR2DL3*00101,KIR2DL3*00101,0.905026248687498
8861934528,KIR2DL3*00101,KIR2DL3*00101,0.866182131598508
9439540652,KIR2DL3*00101,KIR2DL3*00201,0.846087625649976
3184629886,KIR2DL3*00101,KIR2DL3*00101,0.918105289823609
9188293874,KIR2DL3*00101,KIR2DL3*00101,0.750750293138291
9367662807,KIR2DL2*00101,KIR2DL3*00101,0.493189519208571
9566805322,KIR2DL3*00101,KIR2DL3*00101,0.927288584722547
5543428958,KIR2DL2*00101,KIR2DL3*00501,0.235208870621253
9574568292,KIR2DL3*00101,KIR2DL3*00501,0.706720323410822
33506377228,KIR2DL3*00101,KIR2DL3*00101,0.552377338546062
16555952398,KIR2DL3*00101,KIR2DL3*00101,0.892592674454497
8917894514,KIR2DL3*00101,KIR2DL3*00101,0.842112028247951
9385817188,KIR2DL2*00301,KIR2DL3*00201,0.474560355815359
9394143198,KIR2DL2*00301,KIR2DL3*00201,0.443511179897663
9276661819,KIR2DL3*00101,KIR2DL3*00201,0.846023011648342
14081683068,KIR2DL2*00101,KIR2DL3*00101,0.584636284853716
8613321713,KIR2DL3*00101,KIR2DL3*00101,0.894473875782592
6293039406,KIR2DL2*00301,KIR2DL3*00101,0.463129631285431
25990292169,KIR2DL3*00101,KIR2DL3*00101,0.834959784700129
16568402773,KIR2DL3*00101,KIR2DL3*00501,0.720116319211438
17336423362,KIR2DL3*00101,KIR2DL3*00101,0.892512153334831
16414642991,KIR2DL3*00101,KIR2DL3*00101,0.909285984404198
25681423883,KIR2DL2*00101,KIR2DL3*00201,0.48393263502325
1612279024,KIR2DL3*00101,KIR2DL3*00201,0.873181802332072
18557189367,KIR2DL3*00101,KIR2DL3*00101,0.921619885204998
37671546920,KIR2DL3*00101,KIR2DL3*00501,0.730056556070579
9171085254,KIR2DL2*00101,KIR2DL3*00101,0.308331352491493
475786958,KIR2DL2*00101,KIR2DL3*00201,0.548154479905376
5645775400,KIR2DL2*00101,KIR2DL2*00301,0.355773104847402
9290943916,KIR2DL3*00101,KIR2DL3*00101,0.896624652906314
9017120311,KIR2DL3*00201,KIR2DL3*009,0.850892216761957
7778662685,KIR2DL2*00101,KIR2DL3*00201,0.415357552685824
8222077450,KIR2DL2*00101,KIR2DL3*00101,0.656745747855416
8509069950,KIR2DL3*00101,KIR2DL3*00201,0.60990571587161
18388341567,KIR2DL2*00301,KIR2DL3*00101,0.404895612513755
15827806496,KIR2DL2*00301,KIR2DL3*00201,0.447732765080641
9610704094,KIR2DL2*00101,KIR2DL3*00101,0.431988994815869
18237120068,KIR2DL2*00101,KIR2DL3*00101,0.440478405978952
9713042255,KIR2DL2*00101,KIR2DL3*00101,0.501308509401186
6235572458,KIR2DL3*00101,KIR2DL3*00101,0.885902072360155
25585047329,KIR2DL2*00101,KIR2DL2*00101,0.322478630905492
9015916030,KIR2DL2*00101,KIR2DL3*00101,0.30032321437255
15754171448,KIR2DL2*00101,KIR2DL3*00201,0.427295685992066
38039091955,KIR2DL2*00101,KIR2DL3*00101,0.658263749462683
9434392326,KIR2DL3*00101,KIR2DL3*00101,0.909362679111282
9502512886,KIR2DL3*00101,KIR2DL3*00101,0.642653349809569
31254299201,KIR2DL3*00101,KIR2DL3*00201,0.838121730258862
9739923767,KIR2DL2*00101,KIR2DL3*00101,0.302042776981383
8409500072,KIR2DL3*00101,KIR2DL3*00501,0.743567268341086
30995792695,KIR2DL2*00101,KIR2DL3*00101,0.625614435117008
33020135492,KIR2DL2*00101,KIR2DL2*00301,0.288049136698886
2942039398,KIR2DL2*00101,KIR2DL3*00101,0.644599250487035
14908176167,KIR2DL3*00101,KIR2DL3*01202,0.415104608502109
9482095302,KIR2DL2*00101,KIR2DL3*00101,0.606609975556295
1797283883,KIR2DL2*00101,KIR2DL3*00201,0.414848093925067
2580789011,KIR2DL2*00101,KIR2DL3*00101,0.644311989964176
6500909052,KIR2DL2*00101,KIR2DL2*00301,0.439879927319434
3615932836,KIR2DL3*00101,KIR2DL3*00201,0.570878459998272
8286725007,KIR2DL2*00101,KIR2DL3*00101,0.443604838160443
31288401802,KIR2DL3*00101,KIR2DL3*00101,0.839659718053991
8014030244,KIR2DL2*00301,KIR2DL3*00101,0.436567038842721
9752835063,KIR2DL3*00101,KIR2DL3*00101,0.907221197729296
28418183323,KIR2DL3*00101,KIR2DL3*00101,0.868056711169494
13736092939,KIR2DL3*00101,KIR2DL3*00201,0.874177630365687
35117645976,KIR2DL3*00101,KIR2DL3*00201,0.796798991982379
3513312235,KIR2DL2*00301,KIR2DL3*00101,0.422174977049538
5578451560,KIR2DL3*00101,KIR2DL3*00101,0.894329129549936
17203284484,KIR2DL3*00101,KIR2DL3*00101,0.156115757302993
8034280388,KIR2DL2*00101,KIR2DL2*00301,0.30729514612314
18034564349,KIR2DL2*00101,KIR2DL3*00101,0.630374603286455
9513297139,KIR2DL3*00101,KIR2DL3*00101,0.413021862551389
18624446047,KIR2DL3*00201,KIR2DL3*00201,0.763867841294936
8353548366,KIR2DL3*00101,KIR2DL3*00101,0.908283455291311
17266666119,KIR2DL2*00101,KIR2DL3*00201,0.411923859467837
16452397075,KIR2DL2*00101,KIR2DL2*00301,0.386953353859226
9725798071,KIR2DL3*00101,KIR2DL3*00201,0.829588177420654
619427648,KIR2DL3*00101,KIR2DL3*00201,0.609607811178643
6623259077,KIR2DL3*00101,KIR2DL3*00101,0.907995625381658
16460837165,KIR2DL3*00101,KIR2DL3*00201,0.291897334854961
8592433089,KIR2DL3*00101,KIR2DL3*00101,0.877895726831809
17404041602,KIR2DL2*00301,KIR2DL3*00201,0.444796856856686
3008769837,KIR2DL3*00101,KIR2DL3*00101,0.896537667385086
31615530269,KIR2DL3*00101,KIR2DL3*00201,0.861299782417818
7779736326,KIR2DL3*00201,KIR2DL3*00201,0.80399442664161
6644105382,KIR2DL2*00101,KIR2DL3*00101,0.537804844766297
9559617354,KIR2DL3*00101,KIR2DL3*00101,0.918978787284021
18299116182,KIR2DL3*00101,KIR2DL3*00101,0.91591088475136
9043975143,KIR2DL2*00301,KIR2DL3*00101,0.424556167026729
8264532740,KIR2DL2*00101,KIR2DL2*00602,0.339950928091572
8991319801,KIR2DL2*00101,KIR2DL3*00101,0.442776573442345
9264173724,KIR2DL3*00101,KIR2DL3*00101,0.903413618797182
28432736820,KIR2DL3*00101,KIR2DL3*00101,0.902170782977524
9696793196,KIR2DL3*00101,KIR2DL3*00101,0.841051422084382
6243474347,KIR2DL3*00101,KIR2DL3*00201,0.816162909436317
14845863573,KIR2DL3*00101,KIR2DL3*00101,0.889413544978896
28817460116,KIR2DL2*00101,KIR2DL2*00301,0.432592912618956
16422709560,KIR2DL2*00101,KIR2DL3*00101,0.668938276075685
5280707927,KIR2DL3*00101,KIR2DL3*00201,0.660385697511371
18221526050,KIR2DL3*00201,KIR2DL3*00501,0.711405907521301
9697121637,KIR2DL3*00101,KIR2DL3*006,0.632522582896435
8804877900,KIR2DL3*00101,KIR2DL3*00101,0.910623255254381
3502302582,KIR2DL2*00101,KIR2DL3*00201,0.538227351667247
9588488828,KIR2DL2*00101,KIR2DL3*00101,0.404256921939576
9737129724,KIR2DL2*00101,KIR2DL2*00301,0.433805221574185
14107041058,KIR2DL3*00101,KIR2DL3*00101,0.69549780275056
18847587711,KIR2DL2*00101,KIR2DL3*006,0.271357777994454
16874520255,KIR2DL2*00301,KIR2DL3*00101,0.456118214804397
5269980715,KIR2DL3*00101,KIR2DL3*00101,0.916876939754034
36062701455,KIR2DL2*00101,KIR2DL3*00101,0.606904153543707
9751415501,KIR2DL3*00101,KIR2DL3*00501,0.744047136178061
13758901606,KIR2DL3*00101,KIR2DL3*00101,0.912985297541944
15753734448,KIR2DL3*00101,KIR2DL3*00101,0.907663525233254
9578593296,KIR2DL3*00101,KIR2DL3*00501,0.559636081745695
8714663513,KIR2DL3*00101,KIR2DL3*00201,0.880435069375087
19375232256,KIR2DL2*00101,KIR2DL3*00201,0.432816960835697
3619852961,KIR2DL2*00301,KIR2DL3*00101,0.460535775566215
15621119971,KIR2DL2*00101,KIR2DL3*00101,0.61821637456615
16404716179,KIR2DL2*00101,KIR2DL3*00101,0.214263708992166
17773837880,KIR2DL2*00101,KIR2DL3*00501,0.15294908399848
31879677302,KIR2DL2*00101,KIR2DL3*00201,0.506994354525026
16390998963,KIR2DL2*00101,KIR2DL3*00201,0.550138683650099
9681284738,KIR2DL3*00101,KIR2DL3*00201,0.831488814716482
7504488560,KIR2DL2*00101,KIR2DL3*00201,0.613358030962761
5290318259,KIR2DL3*00101,KIR2DL3*00201,0.784725238780869
9512452578,KIR2DL3*00101,KIR2DL3*00201,0.811223833729683
8829116249,KIR2DL3*00101,KIR2DL3*00501,0.602751617419177
6304958020,KIR2DL3*00101,KIR2DL3*00101,0.92053913073112
16452264595,KIR2DL3*00101,KIR2DL3*00201,0.859578144688995
9117443670,KIR2DL3*00101,KIR2DL3*00201,0.826504699979932
30620077130,KIR2DL3*00101,KIR2DL3*00101,0.900914030939798
8612482672,KIR2DL3*00101,KIR2DL3*00101,0.913608986126533
7940437517,KIR2DL3*00101,KIR2DL3*009,0.844196351379509
16555987358,KIR2DL2*00101,KIR2DL2*00301,0.392690291162834
28637571383,KIR2DL2*00101,KIR2DL2*00301,0.335423515942608
9510351296,KIR2DL3*00101,KIR2DL3*00101,0.921899867654891
14661637035,KIR2DL2*00301,KIR2DL3*00101,0.436567038842721
16467990174,KIR2DL2*00301,KIR2DL3*00201,0.444539559431549
35845847998,KIR2DL2*00101,KIR2DL3*00101,0.393207176204559
7443273528,KIR2DL2*00101,KIR2DL3*00201,0.402391410999086
6204837062,KIR2DL3*00101,KIR2DL3*00101,0.920626279000208
15980589237,KIR2DL2*00101,KIR2DL2*00301,0.346828954224952
31406011061,KIR2DL3*00101,KIR2DL3*00101,0.852044592249245
5385442691,KIR2DL3*00101,KIR2DL3*00101,0.906147834517657
8629870693,KIR2DL2*00101,KIR2DL3*00101,0.649120281408155
2272849006,KIR2DL3*00101,KIR2DL3*00201,0.806741914023288
16949161783,KIR2DL2*00301,KIR2DL3*00101,0.456848457879127
19758816590,KIR2DL2*00101,KIR2DL3*00201,0.418420900406599
9524019752,KIR2DL3*00101,KIR2DL3*00101,0.894280544936448
33188842532,KIR2DL3*00101,KIR2DL3*00101,0.877521892100157
28688734484,KIR2DL2*00301,KIR2DL3*00201,0.43409831493783
9739119686,KIR2DL3*00101,KIR2DL3*00101,0.771592350745205
9103594894,KIR2DL2*00101,KIR2DL2*00301,0.301769793442386
31053600044,KIR2DL3*00101,KIR2DL3*00101,0.661950094072853
16398090331,KIR2DL3*00101,KIR2DL3*00201,0.864129156284973
37218870504,KIR2DL3*00101,KIR2DL3*00101,0.885511669311646
2182207739,KIR2DL3*00101,KIR2DL3*00201,0.759188051991674
17948632567,KIR2DL3*00101,KIR2DL3*00101,0.411149089844337
5280827528,KIR2DL3*00101,KIR2DL3*00201,0.692066620787796
8917068353,KIR2DL3*00101,KIR2DL3*00101,0.927579098568546
31931225883,KIR2DL3*00101,KIR2DL3*00201,0.852138715243048
16414552830,KIR2DL3*00101,KIR2DL3*00201,0.871295998077301
33121908773,KIR2DL2*00101,KIR2DL2*00301,0.385451545642173
30620390851,KIR2DL2*00101,KIR2DL3*00101,0.606960073932787
33260822497,KIR2DL3*00101,KIR2DL3*00101,0.906351663399628
8807834784,KIR2DL3*00101,KIR2DL3*00501,0.644946401617337
13911757027,KIR2DL3*00101,KIR2DL3*00101,0.902826040106206
3121088170,KIR2DL3*00101,KIR2DL3*00101,0.912666122190411
5362171264,KIR2DL3*00101,KIR2DL3*00101,0.907494695440224
9496544839,KIR2DL3*00101,KIR2DL3*00201,0.304266079212136
14900520838,KIR2DL3*00101,KIR2DL3*00201,0.840815866211735
6265747574,KIR2DL2*00101,KIR2DL3*00501,0.371906452767221
1746129062,KIR2DL3*00101,KIR2DL3*00201,0.826354754342761
33540983069,KIR2DL3*00101,KIR2DL3*00101,0.850374148011127
19113291386,KIR2DL3*00101,KIR2DL3*00201,0.829706190878714
35350357491,KIR2DL2*00101,KIR2DL2*00301,0.436097021476715
9704447605,KIR2DL2*00101,KIR2DL3*00101,0.605099228837281
18992871523,KIR2DL3*00101,KIR2DL3*009,0.92299150936856
32764671430,KIR2DL3*00101,KIR2DL3*00101,0.907568231065776
7956778576,KIR2DL2*00101,KIR2DL2*00301,0.176475674888628
9754276704,KIR2DL3*00101,KIR2DL3*00101,0.922404093116107
28418539364,KIR2DL2*00101,KIR2DL3*00201,0.472847557640377
5207744481,KIR2DL3*00101,KIR2DL3*00101,0.917910306519537
7793137982,KIR2DL3*00101,KIR2DL3*00101,0.887865299086946
34863303395,KIR2DL2*00101,KIR2DL2*00301,0.372377278437379
16965088842,KIR2DL2*00101,KIR2DL3*00201,0.426746151621774
9518357145,KIR2DL3*00101,KIR2DL3*00201,0.853394897739581
30752621687,KIR2DL3*00101,KIR2DL3*00101,0.85959127165234
16562925086,KIR2DL2*00101,KIR2DL3*00101,0.633891697353029
16548907949,KIR2DL2*00301,KIR2DL3*00101,0.40660070703633
5435919471,KIR2DL2*00101,KIR2DL3*00201,0.350271755313769
37318889342,KIR2DL2*00101,KIR2DL3*00201,0.373708611682402
5650268685,KIR2DL2*00101,KIR2DL3*00101,0.527591048884625
32728911907,KIR2DL2*00101,KIR2DL2*00301,0.349551932191907
9081348348,KIR2DL3*00101,KIR2DL3*00201,0.860372363775204
3238460989,KIR2DL2*00101,KIR2DL2*00602,0.36805791298068
5131917991,KIR2DL3*00101,KIR2DL3*00201,0.776357741419576
7908035078,KIR2DL3*00101,KIR2DL3*00201,0.833280482185364
9436014287,KIR2DL3*00101,KIR2DL3*00101,0.824613977447086
6210285308,KIR2DL2*00301,KIR2DL3*00201,0.395770481905115
2175547851,KIR2DL3*00101,KIR2DL3*00201,0.833841387643529
9566879842,KIR2DL3*00101,KIR2DL3*00101,0.901160265077529
8541905709,KIR2DL3*00101,KIR2DL3*00201,0.839348202684464
16442322143,KIR2DL3*00101,KIR2DL3*00101,0.867371134967873
8837067818,KIR2DL3*00101,KIR2DL3*00101,0.923365591469803
5588725212,KIR2DL2*00101,KIR2DL3*00101,0.55791829860189
25484353209,KIR2DL3*00101,KIR2DL3*00101,0.87098617064887
35038013441,KIR2DL3*00101,KIR2DL3*00101,0.878400646463843
33011474602,KIR2DL3*00101,KIR2DL3*00101,0.86899965140569
19667255322,KIR2DL3*00101,KIR2DL3*00101,0.872238290927521
13572597705,KIR2DL3*00101,KIR2DL3*00201,0.825690037041943
7631585791,KIR2DL2*00101,KIR2DL3*00101,0.558937200875188
18236755748,KIR2DL3*00101,KIR2DL3*01202,0.295335514371164
7895740184,KIR2DL2*00101,KIR2DL3*00101,0.662400485813133
8176002876,KIR2DL3*00101,KIR2DL3*00101,0.893403304761271
9756158107,KIR2DL3*00101,KIR2DL3*00101,0.919930706554667
25997393657,KIR2DL2*00301,KIR2DL3*00501,0.378114351791781
1588594516,KIR2DL2*00101,KIR2DL3*00101,0.60814378020456
16555717798,KIR2DL3*00101,KIR2DL3*00201,0.83193466018664
7788937257,KIR2DL3*00501,KIR2DL3*00501,0.527506138510486
28491017970,KIR2DL3*00101,KIR2DL3*00101,0.859893872174154
9195550843,KIR2DL3*00101,KIR2DL3*00201,0.859918675537134
18335728545,KIR2DL2*00101,KIR2DL2*00301,0.304000892351357
2293677831,KIR2DL3*00101,KIR2DL3*00101,0.901194953862355
32155436588,KIR2DL3*00101,KIR2DL3*00201,0.841884790839725
16186401760,KIR2DL2*00101,KIR2DL3*00101,0.438517953975819
19730321396,KIR2DL3*00101,KIR2DL3*00101,0.905251299778616
15966817740,KIR2DL3*00101,KIR2DL3*00201,0.842401868422929
292525501,KIR2DL2*00101,KIR2DL2*00301,0.442926949096087
14107454139,KIR2DL2*00101,KIR2DL2*00301,0.323486982568877
9466149843,KIR2DL3*00101,KIR2DL3*00201,0.844124691540501
18624308047,KIR2DL2*00101,KIR2DL3*00101,0.260500400042568
16498289490,KIR2DL3*00101,KIR2DL3*00101,0.878610668612885
33489675528,KIR2DL2*00301,KIR2DL3*00201,0.441327676002858
9232952567,KIR2DL3*00101,KIR2DL3*00201,0.607317157003654
5368734552,KIR2DL3*00101,KIR2DL3*00101,0.893990144360212
7782548770,KIR2DL2*00101,KIR2DL3*00101,0.626725383461396
19289059434,KIR2DL3*00101,KIR2DL3*00201,0.710496341787332
17196026596,KIR2DL3*00101,KIR2DL3*00201,0.809983081198068
9522236790,KIR2DL3*00101,KIR2DL3*00101,0.918198746013297
8274661952,KIR2DL3*00101,KIR2DL3*009,0.685959090444957
14089216957,KIR2DL2*00101,KIR2DL3*00101,0.458417042969011
7980515524,KIR2DL2*00101,KIR2DL3*00201,0.590483302765558
8315972761,KIR2DL3*00101,KIR2DL3*00501,0.732290753323122
8248943322,KIR2DL3*00101,KIR2DL3*00101,0.914896566683522
31067282300,KIR2DL2*00101,KIR2DL3*00101,0.549935540386466
9277356420,KIR2DL2*00101,KIR2DL2*00301,0.351530523276479
8579883354,KIR2DL3*00101,KIR2DL3*00101,0.884734817266197
8964967290,KIR2DL3*00201,KIR2DL3*00501,0.631647200969947
15653536209,KIR2DL2*00101,KIR2DL3*00101,0.644922634363603
9328778041,KIR2DL2*00301,KIR2DL3*00201,0.443911884162123
31203283301,KIR2DL3*00101,KIR2DL3*00101,0.865101407950152
9676041652,KIR2DL2*00101,KIR2DL2*00301,0.153504968486739
9088482956,KIR2DL3*00101,KIR2DL3*00101,0.885596885099672
32861950505,KIR2DL3*00101,KIR2DL3*00101,0.875790457655154
14081999549,KIR2DL3*00101,KIR2DL3*00101,0.905393067316339
9528587557,KIR2DL2*00101,KIR2DL2*00101,0.487285545645288
9219439591,KIR2DL3*00101,KIR2DL3*00101,0.910865618061177
9461493718,KIR2DL3*00101,KIR2DL3*00201,0.664827450046997
2130834878,KIR2DL3*00101,KIR2DL3*00101,0.924102672391597
19025608842,KIR2DL3*00101,KIR2DL3*00201,0.855537279010318
8210394356,KIR2DL3*00101,KIR2DL3*00101,0.914888872464059
9026571483,KIR2DL3*00101,KIR2DL3*00101,0.903491638718059
8190690693,KIR2DL2*00101,KIR2DL3*00101,0.507744515680444
9250723308,KIR2DL3*00101,KIR2DL3*00201,0.596161802103136
33149841846,KIR2DL2*00101,KIR2DL3*00101,0.520189778764005
15935225823,KIR2DL3*00101,KIR2DL3*00201,0.832968341726144
8382751960,KIR2DL3*00101,KIR2DL3*00101,0.868177701918451
9437731010,KIR2DL3*00101,KIR2DL3*00201,0.837679137333481
7737953557,KIR2DL3*00101,KIR2DL3*00101,0.907581242772797
8742747467,KIR2DL3*00101,KIR2DL3*00201,0.80548665420778
9340535654,KIR2DL3*00201,KIR2DL3*00201,0.611002842966977
7829759546,KIR2DL3*00101,KIR2DL3*00101,0.904656103906859
37059809675,KIR2DL2*00101,KIR2DL3*00101,0.621188477818217
8664202374,KIR2DL3*00101,KIR2DL3*00101,0.2098201706976
32204219646,KIR2DL2*00101,KIR2DL3*00201,0.387339667942676
9615123780,KIR2DL3*00201,KIR2DL3*00201,0.690384645295615
9546568058,KIR2DL3*00101,KIR2DL3*00201,0.851817079949806
2853218813,KIR2DL2*00101,KIR2DL3*00501,0.535879271077077
15701848227,KIR2DL3*00101,KIR2DL3*00101,0.919177616104431
17773614320,KIR2DL3*00101,KIR2DL3*00501,0.239917266242712
8991755881,KIR2DL2*00101,KIR2DL3*00101,0.576296041331018
5891870171,KIR2DL2*00101,KIR2DL3*00101,0.427345626634359
7668405155,KIR2DL2*00101,KIR2DL2*00101,0.389139086915418
31891381556,KIR2DL3*00101,KIR2DL3*00101,0.89671969448622
15716143203,KIR2DL3*00101,KIR2DL3*00101,0.90805508295661
54827876274,KIR2DL3*00201,KIR2DL3*00501,0.459339240312673
9259156038,KIR2DL3*00101,KIR2DL3*00201,0.83560632032339
30470960594,KIR2DL2*00101,KIR2DL3*00101,0.460843310356161
19014909229,KIR2DL3*00101,KIR2DL3*00101,0.908011803467463
9524787953,KIR2DL2*00101,KIR2DL3*00101,0.615402059540775
18701035218,KIR2DL3*00101,KIR2DL3*00101,0.921066268925385
9756037586,KIR2DL3*00201,KIR2DL3*00201,0.818125210973977
31875062576,KIR2DL3*00101,KIR2DL3*009,0.919060679066916
31898000964,KIR2DL2*00101,KIR2DL3*00101,0.63945522616128
5571897472,KIR2DL3*00101,KIR2DL3*00101,0.917907482037608
17306676047,KIR2DL2*00101,KIR2DL3*00101,0.624106523935751
15753923048,KIR2DL3*00101,KIR2DL3*00101,0.905251299778616
8408980271,KIR2DL2*00301,KIR2DL3*00101,0.428971981485125
15655268571,KIR2DL3*00101,KIR2DL3*00101,0.903716474129479
9172005255,KIR2DL3*00101,KIR2DL3*00101,0.905060222437961
16843722299,KIR2DL3*00201,KIR2DL3*00201,0.817075019381693
5368024311,KIR2DL3*00101,KIR2DL3*00101,0.881091363591693
32552319538,KIR2DL2*00101,KIR2DL3*00101,0.43103760935625
5283376851,KIR2DL2*00101,KIR2DL3*00201,0.499092437069364
9120636074,KIR2DL2*00101,KIR2DL3*00101,0.221956738916916
18493095651,KIR2DL2*00101,KIR2DL3*00201,0.499330771946446
25997132377,KIR2DL2*00101,KIR2DL3*00101,0.514944591147522
7945614363,KIR2DL3*00101,KIR2DL3*00101,0.904978788441164
28673089865,KIR2DL3*00101,KIR2DL3*00101,0.878712927169111
49726543833,KIR2DL3*00101,KIR2DL3*00101,0.903716474129479
30973773389,KIR2DL3*00101,KIR2DL3*00101,0.893903463327327
19462591879,KIR2DL2*00101,KIR2DL3*00101,0.46157537581498
14399448684,KIR2DL2*00602,KIR2DL3*00101,0.474168219500616
32323832668,KIR2DL2*00101,KIR2DL3*00101,0.628817026210497
9332406525,KIR2DL3*00101,KIR2DL3*00101,0.673407418243988
7957808977,KIR2DL3*00201,KIR2DL3*01202,0.60883854943291
7744757885,KIR2DL3*00101,KIR2DL3*00101,0.895015887620179
9413543261,KIR2DL3*00101,KIR2DL3*00101,0.546500845269693
9679524776,KIR2DL2*00101,KIR2DL2*00301,0.309260319967811
1687952793,KIR2DL3*00101,KIR2DL3*00201,0.84626097098399
2357769707,KIR2DL3*00101,KIR2DL3*00201,0.826888807376915
8696721652,KIR2DL3*00101,KIR2DL3*00101,0.903330760894559
17257032788,KIR2DL2*00301,KIR2DL3*00101,0.450251644443397
5367867911,KIR2DL2*00101,KIR2DL2*00301,0.334226979143194
34596687079,KIR2DL3*00101,KIR2DL3*00101,0.626385648344212
16481345829,KIR2DL2*00101,KIR2DL2*00301,0.320489756158403
30812982039,KIR2DL3*00101,KIR2DL3*00101,0.916095885907903
30619561010,KIR2DL3*00101,KIR2DL3*00101,0.905791140689201
37485220939,KIR2DL3*00101,KIR2DL3*00101,0.90927294596508
7742060442,KIR2DL3*00101,KIR2DL3*00101,0.920709892152231
16422537520,KIR2DL2*00101,KIR2DL3*00101,0.618338489101756
16422763840,KIR2DL2*00101,KIR2DL3*00101,0.600056038256542
9145212063,KIR2DL2*00101,KIR2DL3*00101,0.631104428501611
8622094844,KIR2DL2*00101,KIR2DL2*00301,0.442926949096087
8241981674,KIR2DL3*00101,KIR2DL3*00101,0.898809971480195
18639641705,KIR2DL3*00101,KIR2DL3*00201,0.802808136198592
30182448252,KIR2DL3*00101,KIR2DL3*00101,0.868372938327148
34974174566,KIR2DL3*00101,KIR2DL3*00201,0.831448727079085
17686887657,KIR2DL3*00101,KIR2DL3*00101,0.910470704535196
30929514897,KIR2DL3*00101,KIR2DL3*00101,0.922778465867203
33405283828,KIR2DL3*00101,KIR2DL3*00201,0.827235778391863
32693885626,KIR2DL3*00101,KIR2DL3*00201,0.790583095738699
1813131822,KIR2DL2*00301,KIR2DL3*00101,0.457944029356972
34901960920,KIR2DL3*00101,KIR2DL3*00501,0.73672117878767
9164356366,KIR2DL3*00101,KIR2DL3*00101,0.680296090414606
9209947940,KIR2DL3*00101,KIR2DL3*00101,0.869435467533984
8662278651,KIR2DL2*00101,KIR2DL3*00201,0.601721196290475
14580290539,KIR2DL3*00101,KIR2DL3*00201,0.798798247430545
9388989352,KIR2DL3*00101,KIR2DL3*00201,0.355966558943211
14573685851,KIR2DL2*00101,KIR2DL3*00201,0.600051490472453
7518928898,KIR2DL2*00101,KIR2DL3*00101,0.619355582158343
14058989401,KIR2DL3*00101,KIR2DL3*00101,0.906933782565413
17396907914,KIR2DL3*00501,KIR2DL3*01202,0.431383210177577
5627064418,KIR2DL3*00201,KIR2DL3*006,0.486667827425579
8439119507,KIR2DL2*00101,KIR2DL3*00101,0.482926438733883
16272709822,KIR2DL3*00101,KIR2DL3*00201,0.614145879345031
8994697125,KIR2DL2*00301,KIR2DL3*00101,0.464560470862206
18773247023,KIR2DL3*00101,KIR2DL3*00201,0.585327851656238
28659370809,KIR2DL3*00101,KIR2DL3*00101,0.869541186514681
9412085059,KIR2DL3*00201,KIR2DL3*00201,0.799052049222527
7941305078,KIR2DL2*00301,KIR2DL3*00101,0.37227667729479
5616595725,KIR2DL3*00101,KIR2DL3*00101,0.82638682146316
9746471415,KIR2DL2*00101,KIR2DL3*00201,0.50258163785457
51326591328,KIR2DL2*00101,KIR2DL3*00101,0.6032277217988
452554171,KIR2DL2*00301,KIR2DL3*00101,0.438277938689925
9423525273,KIR2DL2*00101,KIR2DL3*00101,0.528540621303655
9333248326,KIR2DL3*00101,KIR2DL3*00101,0.851535490922389
33197780343,KIR2DL3*00101,KIR2DL3*00101,0.873672610059466
32660334106,KIR2DL3*00101,KIR2DL3*00101,0.643615158363478
30637898472,KIR2DL3*00101,KIR2DL3*00101,0.905609676418785
7665345231,KIR2DL3*00101,KIR2DL3*00101,0.896763798496689
14065944610,KIR2DL2*00101,KIR2DL2*00301,0.417362814035522
9358754436,KIR2DL2*00101,KIR2DL3*00101,0.623473549094916
15695043898,KIR2DL2*00101,KIR2DL2*00301,0.424445268555328
34066410411,KIR2DL2*00101,KIR2DL2*00301,0.428225938851927
14081964589,KIR2DL3*00101,KIR2DL3*00101,0.907284720957626
3416010160,KIR2DL2*00101,KIR2DL3*00201,0.599164667470069
36061787894,KIR2DL2*00101,KIR2DL3*00201,0.603038860088163
17702291235,KIR2DL3*00101,KIR2DL3*00201,0.831534300341022
4224863157,KIR2DL2*00101,KIR2DL3*00101,0.55782287529509
16391017363,KIR2DL3*00101,KIR2DL3*00201,0.848905505981485
14081559788,KIR2DL2*00301,KIR2DL3*00101,0.391500265026264
19874604247,KIR2DL3*00201,KIR2DL3*009,0.864953922755197
16822077433,KIR2DL2*00101,KIR2DL3*00101,0.604502481683638
9113348745,KIR2DL3*00101,KIR2DL3*00201,0.497678690670683
5218133133,KIR2DL2*00101,KIR2DL3*00201,0.48666569798644
7798387508,KIR2DL3*00101,KIR2DL3*00101,0.850045136297692
9103345574,KIR2DL3*00201,KIR2DL3*00201,0.536012831282295
8883916114,KIR2DL3*00101,KIR2DL3*00101,0.908321928358981
32178994136,KIR2DL2*00101,KIR2DL3*00101,0.509755265856756
9089920918,KIR2DL3*00101,KIR2DL3*00101,0.907294680284785
8858294083,KIR2DL2*00101,KIR2DL3*00101,0.613253783864624
32729125348,KIR2DL3*00101,KIR2DL3*00101,0.893802913756522
46029074175,KIR2DL3*00101,KIR2DL3*00201,0.833261297457132
8371872947,KIR2DL2*00101,KIR2DL3*00101,0.274869100638649
9697536557,KIR2DL3*00101,KIR2DL3*00101,0.905252571912671
18453215444,KIR2DL3*00101,KIR2DL3*00501,0.729837374123169
16230052132,KIR2DL3*00101,KIR2DL3*00201,0.837740785807015
16929315520,KIR2DL2*00101,KIR2DL3*00101,0.616305003563352
16422751880,KIR2DL3*00101,KIR2DL3*00501,0.744126046824309
31874917216,KIR2DL2*00101,KIR2DL3*00101,0.608629960411139
5499390346,KIR2DL3*00101,KIR2DL3*00101,0.901655808091251
9293243918,KIR2DL3*00201,KIR2DL3*00201,0.836400000377167
379477564,KIR2DL3*00101,KIR2DL3*00101,0.914888872464059
9721393105,KIR2DL3*00101,KIR2DL3*00201,0.820519366028172
9255667394,KIR2DL2*00101,KIR2DL3*00101,0.507510465918052
7826790702,KIR2DL3*00101,KIR2DL3*00101,0.633208807679745
9535988966,KIR2DL2*00101,KIR2DL3*00201,0.61659291343002
5500360947,KIR2DL3*00101,KIR2DL3*00101,0.913465960361698
8610854270,KIR2DL3*00201,KIR2DL3*00201,0.775647917611699
33786067679,KIR2DL2*00101,KIR2DL3*00101,0.305863225461275
16120992443,KIR2DL2*00101,KIR2DL2*00301,0.363922974780607
7827367543,KIR2DL2*00101,KIR2DL3*00101,0.633556955794538
9525903914,KIR2DL2*00101,KIR2DL3*00101,0.633074857948511
28784931638,KIR2DL3*00101,KIR2DL3*00101,0.928092578922776
16442281663,KIR2DL2*00301,KIR2DL3*00101,0.40315384648608
8493588172,KIR2DL3*00101,KIR2DL3*00101,0.862990880092192
14492347634,KIR2DL3*00101,KIR2DL3*00101,0.907009329821009
5343707762,KIR2DL2*00101,KIR2DL3*00101,0.275593888423726
8920407037,KIR2DL2*00101,KIR2DL2*00301,0.370025224080592
4198131606,KIR2DL2*00101,KIR2DL2*00301,0.424961538166901
9419195748,KIR2DL3*00101,KIR2DL3*00101,0.901160265077529
9357050594,KIR2DL3*00101,KIR2DL3*00201,0.346107782790415
5623836134,KIR2DL2*00101,KIR2DL2*00602,0.347788014338264
14908365687,KIR2DL2*00101,KIR2DL3*00101,0.374505301291483
16404557939,KIR2DL3*00101,KIR2DL3*00101,0.90986674486501
7777091323,KIR2DL3*00101,KIR2DL3*00101,0.859801946323604
8127264898,KIR2DL2*00101,KIR2DL2*00301,0.325685286632075
9347042822,KIR2DL3*00101,KIR2DL3*00501,0.738478760794997
32320602544,KIR2DL2*00101,KIR2DL3*00101,0.496757052078644
7940534117,KIR2DL3*00101,KIR2DL3*00101,0.89499005213347
2924830778,KIR2DL3*00101,KIR2DL3*00201,0.799909032413049
33732017615,KIR2DL3*00101,KIR2DL3*00101,0.91473488581291
18467862782,KIR2DL3*00101,KIR2DL3*00101,0.906216542588463
9474827293,KIR2DL2*00301,KIR2DL3*00101,0.410829806475965
9243593300,KIR2DL3*00101,KIR2DL3*00101,0.891407883263864
16414560190,KIR2DL3*00101,KIR2DL3*00201,0.506911295568813
31535549974,KIR2DL2*00101,KIR2DL3*00101,0.452608729382048
35315590650,KIR2DL3*00101,KIR2DL3*00101,0.920673120339935
14492091874,KIR2DL3*00101,KIR2DL3*00101,0.868056711169494
16146464513,KIR2DL3*00101,KIR2DL3*00201,0.820852063189756
35708046555,KIR2DL3*00201,KIR2DL3*00201,0.835968756636856
8698994975,KIR2DL3*00101,KIR2DL3*00101,0.407354544458903
19883234777,KIR2DL3*00101,KIR2DL3*00101,0.905228048408674
1080648114,KIR2DL3*00101,KIR2DL3*00101,0.901160265077529
35792351775,KIR2DL2*00101,KIR2DL3*00101,0.384323894099399
36019587444,KIR2DL2*00101,KIR2DL3*00101,0.427211410707395
8775013745,KIR2DL3*00101,KIR2DL3*00101,0.901081690162213
6432352411,KIR2DL3*00101,KIR2DL3*00101,0.919012392460096
5180310969,KIR2DL2*00101,KIR2DL2*00301,0.445500871579061
18919200596,KIR2DL2*00101,KIR2DL3*00101,0.658263749462683
9560089314,KIR2DL3*00101,KIR2DL3*00201,0.605378080993902
9402359728,KIR2DL2*00101,KIR2DL3*00201,0.392551608808048
1424920802,KIR2DL3*00101,KIR2DL3*00101,0.909590176722465
8255677730,KIR2DL3*00101,KIR2DL3*00101,0.909014916408135
37293718112,KIR2DL3*00101,KIR2DL3*00101,0.914890458201868
9580908939,KIR2DL2*00101,KIR2DL2*00301,0.330447683246656
9099123689,KIR2DL2*00101,KIR2DL3*00501,0.333409934459763
7440876005,KIR2DL3*00101,KIR2DL3*009,0.919440052977236
25737464829,KIR2DL3*00101,KIR2DL3*00101,0.860496331472405
16542198382,KIR2DL2*00301,KIR2DL3*00101,0.438277938689925
30619109289,KIR2DL2*00101,KIR2DL2*00301,0.378805306963846
19142557540,KIR2DL2*00301,KIR2DL3*00101,0.410886070374882
6459044403,KIR2DL2*00101,KIR2DL3*00101,0.64599202408273
31140896187,KIR2DL2*00101,KIR2DL3*00501,0.384251899941919
30546709804,KIR2DL2*00101,KIR2DL2*00301,0.392690291162834
9637620566,KIR2DL2*00301,KIR2DL3*00101,0.450749779598744
37638912641,KIR2DL2*00101,KIR2DL3*00101,0.504638491862523
14081555188,KIR2DL2*00301,KIR2DL3*00201,0.385843895860969
16391044963,KIR2DL3*00101,KIR2DL3*00101,0.875306281238102
9423332992,KIR2DL2*00301,KIR2DL3*00101,0.455182801038136
5484017128,KIR2DL3*00101,KIR2DL3*00101,0.902965570558988
16404435578,KIR2DL3*00101,KIR2DL3*00101,0.91142390101166
8985238594,KIR2DL2*00301,KIR2DL3*00101,0.263868349653746
2982977607,KIR2DL2*00101,KIR2DL3*00101,0.654659345068648
8672854064,KIR2DL3*00101,KIR2DL3*00101,0.712724685268956
9524039992,KIR2DL3*00101,KIR2DL3*00101,0.394848077302518
7954977214,KIR2DL3*00101,KIR2DL3*00201,0.867955646692004
9452445507,KIR2DL3*00101,KIR2DL3*00101,0.909709374069517
16549052390,KIR2DL3*00101,KIR2DL3*00201,0.869386540090156
9321006791,KIR2DL2*00101,KIR2DL2*00101,0.185348348931261
16382505512,KIR2DL3*00101,KIR2DL3*00101,0.63660982738995
9605543808,KIR2DL3*00501,KIR2DL3*01202,0.285791511261086
9610133694,KIR2DL2*00101,KIR2DL3*00101,0.416425916738614
31414544071,KIR2DL3*00101,KIR2DL3*00201,0.631953876826628
30635595709,KIR2DL3*00101,KIR2DL3*00101,0.889665405073961
8542721750,KIR2DL2*00101,KIR2DL3*00201,0.615490058016431
16391138803,KIR2DL3*00101,KIR2DL3*00201,0.839190621317367
13944896386,KIR2DL3*00101,KIR2DL3*00101,0.907950528872424
9676762013,KIR2DL3*00101,KIR2DL3*00501,0.743528409275032
8950997073,KIR2DL3*00101,KIR2DL3*00201,0.844176566532958
7643552245,KIR2DL2*00101,KIR2DL3*00101,0.45731513566931
18828858329,KIR2DL3*00101,KIR2DL3*00201,0.855124944431642
1557001678,KIR2DL3*00201,KIR2DL3*00201,0.819158633378123
15794561336,KIR2DL2*00301,KIR2DL3*00201,0.444539559431549
9755013625,KIR2DL2*00101,KIR2DL3*00101,0.334438999147608
32093011754,KIR2DL3*00101,KIR2DL3*00201,0.85769238124941
9724262589,KIR2DL3*00101,KIR2DL3*00101,0.908723300018838
15732749223,KIR2DL2*00301,KIR2DL3*00101,0.406667566992492
9195111082,KIR2DL2*00101,KIR2DL2*00301,0.343489258202088
3476249071,KIR2DL3*00101,KIR2DL3*00201,0.859030481533101
9164088646,KIR2DL3*00101,KIR2DL3*00201,0.390194055887877
9452752787,KIR2DL2*00101,KIR2DL3*00101,0.497663003592524
9435444807,KIR2DL2*00101,KIR2DL3*00101,0.669791926597562
9391637115,KIR2DL2*00101,KIR2DL3*00101,0.406678555833697
18260334456,KIR2DL3*00101,KIR2DL3*00201,0.814237674893106
33923607842,KIR2DL2*00301,KIR2DL3*00101,0.422776697759004
7482960535,KIR2DL2*00101,KIR2DL3*00101,0.599728719364115
35303225835,KIR2DL2*00101,KIR2DL3*00101,0.452808491007143
17221054305,KIR2DL3*00101,KIR2DL3*00201,0.816209635628256
37806177119,KIR2DL2*00101,KIR2DL2*00101,0.441808769636315
9432452043,KIR2DL3*00101,KIR2DL3*00101,0.906147834517657
14470862849,KIR2DL2*00101,KIR2DL2*00101,0.466980950673019
9255989394,KIR2DL3*00101,KIR2DL3*00101,0.872163686604678
19620086866,KIR2DL3*00101,KIR2DL3*00501,0.697247457735487
5597785383,KIR2DL3*00101,KIR2DL3*00501,0.724107989684664
9046567706,KIR2DL3*00101,KIR2DL3*00101,0.922838343313253
5428306462,KIR2DL2*00101,KIR2DL2*00101,0.423805882765729
7985163370,KIR2DL3*00101,KIR2DL3*00101,0.90986674486501
9027666284,KIR2DL3*00101,KIR2DL3*00101,0.256804720279147
8295517457,KIR2DL3*00101,KIR2DL3*00101,0.906933782565413
16397780291,KIR2DL2*00101,KIR2DL2*00301,0.31732042469333
9408203575,KIR2DL2*00101,KIR2DL3*00101,0.546191551871652
48213456682,KIR2DL3*00101,KIR2DL3*00101,0.861339884380131
18058120976,KIR2DL2*00101,KIR2DL3*00101,0.39613553660595
2686435496,KIR2DL3*00101,KIR2DL3*00101,0.90799786789087
5582750725,KIR2DL3*00201,KIR2DL3*00201,0.800965674280645
9400966846,KIR2DL3*00201,KIR2DL3*00501,0.695923386390396
16481338469,KIR2DL2*00101,KIR2DL3*00101,0.374061405744324
6244283028,KIR2DL3*00101,KIR2DL3*00501,0.70974485005549
9734291521,KIR2DL3*00101,KIR2DL3*00201,0.858476212585463
15950838241,KIR2DL2*00301,KIR2DL3*00101,0.347306247007875
14149825709,KIR2DL2*00301,KIR2DL3*00101,0.415713018165542
5520106011,KIR2DL2*00301,KIR2DL3*00201,0.137689761156865
32115771661,KIR2DL3*00101,KIR2DL3*00101,0.907864525658325
9711746894,KIR2DL2*00101,KIR2DL3*00101,0.300552421302536
18366254181,KIR2DL3*00101,KIR2DL3*00101,0.86778595736557
8255604130,KIR2DL2*00301,KIR2DL3*00101,0.417658848125098
17869855634,KIR2DL2*00101,KIR2DL3*00101,0.37040391402958
6747552144,KIR2DL2*00101,KIR2DL3*00101,0.397573048335511
6562918046,KIR2DL3*00101,KIR2DL3*00101,0.917195538089406
14511815777,KIR2DL2*00301,KIR2DL3*00101,0.292178060650359
15950530041,KIR2DL2*00101,KIR2DL3*00101,0.378685439853889
28418122603,KIR2DL3*00101,KIR2DL3*00101,0.891380308735887
9523187151,KIR2DL2*00301,KIR2DL3*00201,0.464216554259423
9636718965,KIR2DL2*00101,KIR2DL3*00501,0.282532511398302
7438441682,KIR2DL2*00301,KIR2DL3*00101,0.414891692723354
34020875877,KIR2DL3*00101,KIR2DL3*00101,0.860450590243132
16063582535,KIR2DL2*00101,KIR2DL2*00301,0.428225938851927
9415044703,KIR2DL3*00101,KIR2DL3*00201,0.825114104935769
34957202386,KIR2DL2*00301,KIR2DL3*00101,0.455285585495249
9281046544,KIR2DL3*00101,KIR2DL3*006,0.629767696597857
3613504953,KIR2DL2*00101,KIR2DL3*00201,0.415819690475397
31269098339,KIR2DL2*00101,KIR2DL3*00201,0.411923859467837
9144563462,KIR2DL3*00101,KIR2DL3*00201,0.82925768639646
31880114302,KIR2DL3*00101,KIR2DL3*00201,0.864798457864642
311641284,KIR2DL2*00101,KIR2DL2*00301,0.391276488145635
5571873552,KIR2DL2*00101,KIR2DL3*00101,0.487034710425541
30709732157,KIR2DL3*00101,KIR2DL3*00201,0.841340956280324
6460122644,KIR2DL2*00301,KIR2DL3*00101,0.407799247091087
16936505328,KIR2DL2*00101,KIR2DL3*00201,0.572106437826228
8186422808,KIR2DL3*00101,KIR2DL3*00101,0.650904481594778
9459782516,KIR2DL2*00101,KIR2DL3*00101,0.447839359557901
19573009490,KIR2DL2*00101,KIR2DL2*00301,0.417920518186769
8557045247,KIR2DL3*00101,KIR2DL3*00101,0.906891761563373
1308351144,KIR2DL3*00101,KIR2DL3*00201,0.839489055496158
16556340638,KIR2DL2*00301,KIR2DL3*00101,0.451928790690122
7788454257,KIR2DL3*00101,KIR2DL3*00501,0.714832414020201
9367158646,KIR2DL2*00101,KIR2DL3*00501,0.495020313989758
5604598911,KIR2DL2*00301,KIR2DL3*00101,0.434652420826697
32634524396,KIR2DL3*00101,KIR2DL3*00101,0.918626010564562
9245229982,KIR2DL2*00101,KIR2DL3*00201,0.600051589165849
9684133061,KIR2DL2*00101,KIR2DL3*00101,0.637866853209617
35969422544,KIR2DL3*00101,KIR2DL3*00101,0.924102672391597
17238087206,KIR2DL3*00101,KIR2DL3*00101,0.616055729577654
32873708119,KIR2DL3*00101,KIR2DL3*00101,0.904877983334177
9493214435,KIR2DL3*00101,KIR2DL3*00201,0.502210336488849
16186549880,KIR2DL2*00301,KIR2DL3*00201,0.404069725317416
25463707465,KIR2DL3*00101,KIR2DL3*00101,0.872457747621717
7556911143,KIR2DL3*00101,KIR2DL3*00201,0.852707957361269
14612302896,KIR2DL2*00301,KIR2DL3*00101,0.455285585495249
36870822132,KIR2DL3*00101,KIR2DL3*00101,0.819746723861852
9241250977,KIR2DL3*00101,KIR2DL3*00101,0.884734817266197
8379577037,KIR2DL3*00101,KIR2DL3*00201,0.825530544597725
8857456882,KIR2DL3*00101,KIR2DL3*00101,0.869847267539595
36350052755,KIR2DL3*00101,KIR2DL3*00101,0.90832759885531
6375009663,KIR2DL3*00101,KIR2DL3*00101,0.901160265077529
8193248296,KIR2DL2*00101,KIR2DL3*00101,0.503399731759568
9605892489,KIR2DL2*00101,KIR2DL2*00301,0.393917565262225
2736289435,KIR2DL3*00101,KIR2DL3*00201,0.860737841272748
35944455555,KIR2DL3*00101,KIR2DL3*00201,0.850958788155367
7407736646,KIR2DL2*00101,KIR2DL3*00201,0.385549254115331
17781506089,KIR2DL2*00101,KIR2DL3*00101,0.549954298891141
16391096483,KIR2DL3*00101,KIR2DL3*00201,0.848905505981485
15695520459,KIR2DL3*00201,KIR2DL3*00201,0.614982785995013
16452204795,KIR2DL2*00101,KIR2DL3*00101,0.645728761071979
32505111522,KIR2DL2*00301,KIR2DL3*00201,0.411870426259384
18874322943,KIR2DL3*00201,KIR2DL3*00201,0.565079067430516
14619053864,KIR2DL3*00101,KIR2DL3*00201,0.847771950192437
8913173988,KIR2DL3*00101,KIR2DL3*009,0.555568379846309
2883496969,KIR2DL3*00201,KIR2DL3*00501,0.649551947402437
6241325225,KIR2DL2*00101,KIR2DL3*00101,0.643740232042368
5155191259,KIR2DL2*00101,KIR2DL3*00501,0.484231401072293
17773552680,KIR2DL2*00101,KIR2DL3*00201,0.609526274251357
7535329757,KIR2DL2*00301,KIR2DL3*00201,0.451619285555503
16713100544,KIR2DL3*00101,KIR2DL3*00201,0.827180962273836
16542237022,KIR2DL3*00101,KIR2DL3*00201,0.859860989605146
16504755257,KIR2DL3*00101,KIR2DL3*00101,0.747882095262937
33205748472,KIR2DL3*00101,KIR2DL3*00101,0.907620901673478
7391375347,KIR2DL3*00101,KIR2DL3*00201,0.777773361639914
9404314730,KIR2DL2*00101,KIR2DL3*00201,0.401904543988459
14871268483,KIR2DL3*00101,KIR2DL3*00101,0.92090263474845
8463193176,KIR2DL3*00101,KIR2DL3*00201,0.850705034875193
8441853750,KIR2DL2*00101,KIR2DL3*00101,0.40658514166971
18808561265,KIR2DL2*00101,KIR2DL3*00101,0.626022732624413
18616522078,KIR2DL2*00101,KIR2DL2*00301,0.340453601106278
9753561863,KIR2DL2*00301,KIR2DL3*00101,0.435698136625115
7883586969,KIR2DL3*00201,KIR2DL3*00201,0.820336181495856
9472009330,KIR2DL3*00101,KIR2DL3*00101,0.896717383515048
7677408285,KIR2DL3*00101,KIR2DL3*00101,0.742779870946636
30994213973,KIR2DL3*00101,KIR2DL3*00101,0.811147408484948
25603587191,KIR2DL3*00101,KIR2DL3*00201,0.805411744402939
14513200379,KIR2DL3*00101,KIR2DL3*00101,0.911304833556457
8343996914,KIR2DL2*00301,KIR2DL3*00101,0.507507868065756
8565481657,KIR2DL2*00301,KIR2DL3*00501,0.382225369156393
17902910353,KIR2DL3*00101,KIR2DL3*00201,0.829683070244444
9436399768,KIR2DL2*00101,KIR2DL3*00101,0.473875666555233
9633106121,KIR2DL3*00501,KIR2DL3*006,0.473749584901094
8883585833,KIR2DL3*00101,KIR2DL3*00101,0.843992899508104
433586508,KIR2DL2*00101,KIR2DL3*00101,0.66890411857711
9038257337,KIR2DL3*00101,KIR2DL3*00201,0.853330475069927
9466053243,KIR2DL3*00101,KIR2DL3*00101,0.914125364595224
16874409855,KIR2DL3*00101,KIR2DL3*00201,0.842807657825801
16391183883,KIR2DL2*00301,KIR2DL3*00101,0.417987368496833
8902798216,KIR2DL2*00101,KIR2DL3*00101,0.552881804843224
5396475344,KIR2DL3*00101,KIR2DL3*00101,0.913440034148032
8121486371,KIR2DL2*00101,KIR2DL2*00301,0.419620973793933
17016938264,KIR2DL2*00101,KIR2DL2*00301,0.318429802223466
17948352886,KIR2DL2*00101,KIR2DL3*00501,0.514521705523908
8501986862,KIR2DL3*00101,KIR2DL3*00201,0.852608772599466
15658046975,KIR2DL2*00101,KIR2DL3*00201,0.41896416387039
14667818522,KIR2DL3*00201,KIR2DL3*00201,0.816155869690191
9102760453,KIR2DL3*00101,KIR2DL3*00101,0.91570588634617
14278220141,KIR2DL2*00101,KIR2DL3*00101,0.649120281408155
9469586047,KIR2DL3*00101,KIR2DL3*00201,0.85066899996917
7663612869,KIR2DL2*00301,KIR2DL3*00101,0.422737324727412
3022044533,KIR2DL3*00101,KIR2DL3*00101,0.918198746013297
16480856389,KIR2DL3*00101,KIR2DL3*00101,0.869838400781217
16223020564,KIR2DL3*00101,KIR2DL3*00201,0.861364003078336
14189683836,KIR2DL3*00201,KIR2DL3*00501,0.70080839742956
9391134794,KIR2DL2*00101,KIR2DL3*00501,0.232389817105681
18528331693,KIR2DL3*00101,KIR2DL3*00101,0.902898925886889
31878252220,KIR2DL3*00101,KIR2DL3*00201,0.841846472612719
320120014,KIR2DL2*00101,KIR2DL3*00101,0.427476899600055
15816043362,KIR2DL2*00101,KIR2DL3*00101,0.539885149480094
9702143003,KIR2DL2*00101,KIR2DL3*00201,0.588799314025782
14590102350,KIR2DL2*00101,KIR2DL3*00101,0.640463095554276
9177108501,KIR2DL2*00301,KIR2DL3*00101,0.459503032986008
31906860574,KIR2DL3*00101,KIR2DL3*00101,0.636851558773654
5350662050,KIR2DL3*00101,KIR2DL3*00101,0.89944629143002
9605159248,KIR2DL3*00101,KIR2DL3*00101,0.915638992585525
31337148059,KIR2DL2*00101,KIR2DL2*00301,0.359652772655231
7796357986,KIR2DL3*00201,KIR2DL3*00201,0.736714504010891
9613409818,KIR2DL3*00101,KIR2DL3*00101,0.903207339478322
2600893794,KIR2DL3*00101,KIR2DL3*00501,0.743628289515264
5097160350,KIR2DL3*00101,KIR2DL3*00101,0.901160265077529
17215824099,KIR2DL3*00101,KIR2DL3*00101,0.897136892596895
8417434161,KIR2DL2*00101,KIR2DL3*00201,0.385972095392987
6483787832,KIR2DL3*00101,KIR2DL3*00101,0.916970910234555
34576263975,KIR2DL3*00101,KIR2DL3*00101,0.908348807180632
16382565313,KIR2DL3*00101,KIR2DL3*00201,0.829165899422475
31347399632,KIR2DL2*00101,KIR2DL3*00201,0.414928613696988
8403393105,KIR2DL2*00101,KIR2DL3*00501,0.31299744702256
9557103911,KIR2DL2*00301,KIR2DL3*00201,0.459469978877297
8321398928,KIR2DL2*00101,KIR2DL3*00201,0.398029670221627
33834044816,KIR2DL3*00101,KIR2DL3*00101,0.87379024894858
9746188975,KIR2DL3*00101,KIR2DL3*00101,0.84928831309524
35883774123,KIR2DL3*00101,KIR2DL3*00101,0.883531742294088
15809345754,KIR2DL2*00101,KIR2DL3*00101,0.47052095671741
28728167570,KIR2DL3*00101,KIR2DL3*00201,0.786307537420188
30622664173,KIR2DL2*00101,KIR2DL2*00301,0.383991149236668
8641060666,KIR2DL3*00101,KIR2DL3*00201,0.860584573852728
7610416566,KIR2DL2*00101,KIR2DL3*00101,0.428339405666327
8185668407,KIR2DL3*00101,KIR2DL3*00101,0.842715208014156
7847447487,KIR2DL2*00301,KIR2DL3*00101,0.456200106217874
9298068404,KIR2DL3*00101,KIR2DL3*00201,0.84085602416896
8929906048,KIR2DL2*00301,KIR2DL3*00101,0.436567038842721
9213696024,KIR2DL2*00101,KIR2DL3*00101,0.512721284437693
17244901654,KIR2DL3*00101,KIR2DL3*00101,0.90263736902079
18268666906,KIR2DL3*00101,KIR2DL3*00101,0.616071587927388
9611051855,KIR2DL2*00101,KIR2DL3*00101,0.623473549094916
9545233137,KIR2DL2*00301,KIR2DL3*00101,0.451432732145954
16498135849,KIR2DL3*00101,KIR2DL3*009,0.571931645663391
13959287963,KIR2DL3*00101,KIR2DL3*00101,0.830282141234491
2812173885,KIR2DL2*00101,KIR2DL3*00101,0.63227630671381
9725893751,KIR2DL3*00101,KIR2DL3*00101,0.919985153868031
9167172489,KIR2DL3*00101,KIR2DL3*00101,0.866534135224934
14393341717,KIR2DL3*00101,KIR2DL3*00101,0.903548929968128
8795624529,KIR2DL2*00101,KIR2DL3*00101,0.61895853996943
31608048820,KIR2DL2*00101,KIR2DL3*00101,0.455280128677553
32195887196,KIR2DL2*00301,KIR2DL3*00101,0.426075271433855
32239978248,KIR2DL2*00101,KIR2DL3*00101,0.644054242567756
8421087486,KIR2DL3*00101,KIR2DL3*00101,0.910723322463543
8699330775,KIR2DL2*00301,KIR2DL3*00101,0.311324196299518
36209886909,KIR2DL3*00201,KIR2DL3*00501,0.683521241752445
8857611443,KIR2DL3*00101,KIR2DL3*00201,0.854654522365805
5138155599,KIR2DL3*00101,KIR2DL3*00101,0.904657326175901
8592918849,KIR2DL3*00101,KIR2DL3*00101,0.923911422610361
2250459859,KIR2DL3*00101,KIR2DL3*00201,0.833692733213975
9297523764,KIR2DL2*00101,KIR2DL3*00101,0.650045711941004
48026786621,KIR2DL3*00101,KIR2DL3*00101,0.912329499237891
18341573312,KIR2DL2*00101,KIR2DL3*00101,0.428941508544907
2444774210,KIR2DL3*00101,KIR2DL3*00201,0.856322979544946
25796893220,KIR2DL2*00101,KIR2DL3*00201,0.240473616737191
1557767119,KIR2DL2*00301,KIR2DL3*00201,0.452356821098977
18221810330,KIR2DL2*00101,KIR2DL3*00101,0.548851946639056
6819717950,KIR2DL3*00201,KIR2DL3*00201,0.823960723970281
6575805421,KIR2DL2*00301,KIR2DL3*00101,0.410799411733174
36878522541,KIR2DL2*00101,KIR2DL3*00101,0.338044540569162
9277424500,KIR2DL3*00101,KIR2DL3*00101,0.889513700702933
51476842226,KIR2DL3*00101,KIR2DL3*00201,0.74790731440861
31202978781,KIR2DL3*00101,KIR2DL3*00101,0.924842275683334
9446954940,KIR2DL3*00501,KIR2DL3*01202,0.397107565266452
7396767473,KIR2DL2*00301,KIR2DL3*00101,0.457944029356972
30815869002,KIR2DL2*00101,KIR2DL3*00201,0.609526274251357
18632387496,KIR2DL2*00101,KIR2DL2*00602,0.221675137849748
16712821784,KIR2DL3*00101,KIR2DL3*00101,0.927318801745901
14864776035,KIR2DL3*00101,KIR2DL3*00501,0.513339567346188
9047814308,KIR2DL3*00101,KIR2DL3*00501,0.730150942367385
9122781517,KIR2DL2*00101,KIR2DL2*00301,0.404724688604618
17862351185,KIR2DL2*00101,KIR2DL3*00101,0.442507121727644
16480940109,KIR2DL3*00501,KIR2DL3*00501,0.325570110031041
16391114883,KIR2DL3*00101,KIR2DL3*00201,0.84627265564496
9166436488,KIR2DL2*00101,KIR2DL3*00101,0.488986513467257
7751026772,KIR2DL2*00101,KIR2DL3*00101,0.563656474254954
9407104173,KIR2DL2*00301,KIR2DL3*00101,0.41921492665799
7799380190,KIR2DL3*00101,KIR2DL3*00101,0.929014266105253
8666009256,KIR2DL3*00101,KIR2DL3*00101,0.913708520006798
35029775752,KIR2DL2*00101,KIR2DL3*00101,0.624283742677911
18229381019,KIR2DL3*00101,KIR2DL3*00201,0.585684689583886
30708866436,KIR2DL3*00101,KIR2DL3*00101,0.887979649034962
17123246230,KIR2DL2*00101,KIR2DL3*00101,0.643067663336594
9635657284,KIR2DL2*00101,KIR2DL2*00101,0.455384949864298
5598667664,KIR2DL2*00301,KIR2DL3*009,0.48997697923333
9573427490,KIR2DL3*00201,KIR2DL3*00201,0.810186533777062
8913823509,KIR2DL2*00101,KIR2DL3*00501,0.344614218339278
509159078,KIR2DL2*00301,KIR2DL3*00101,0.393889833459053
16484697393,KIR2DL2*00101,KIR2DL2*00101,0.276982221676036
7607512122,KIR2DL3*00101,KIR2DL3*00101,0.846760622994273
7640057161,KIR2DL2*00101,KIR2DL3*00101,0.645400660742705
16452610515,KIR2DL3*00101,KIR2DL3*009,0.56026311553807
30708920716,KIR2DL3*00101,KIR2DL3*00101,0.909594992582089
28817031396,KIR2DL2*00101,KIR2DL3*00101,0.510806014562749
7569958598,KIR2DL3*00101,KIR2DL3*00201,0.845051439238276
18808557585,KIR2DL2*00101,KIR2DL3*00101,0.607775262351177
9299667366,KIR2DL3*00101,KIR2DL3*00201,0.860477888904494
36148641516,KIR2DL3*00101,KIR2DL3*00101,0.907387628596375
8116000405,KIR2DL2*00301,KIR2DL3*00101,0.448671681249842
9681375818,KIR2DL2*00101,KIR2DL3*00101,0.407125260255566
15635134348,KIR2DL2*00101,KIR2DL2*00101,0.490898964466322
33662144452,KIR2DL3*00101,KIR2DL3*00101,0.866641384288007
9681459538,KIR2DL3*00101,KIR2DL3*00101,0.846361808106886
33438531748,KIR2DL3*00101,KIR2DL3*00201,0.756338942354687
3214579601,KIR2DL2*00101,KIR2DL3*00101,0.409157670112951
32579569971,KIR2DL2*00101,KIR2DL3*00101,0.437384303551476
16397797771,KIR2DL3*00101,KIR2DL3*00101,0.877729329781891
18416520281,KIR2DL2*00301,KIR2DL3*00101,0.302013999621497
9625792112,KIR2DL2*00101,KIR2DL3*00201,0.601058464729538
16751269549,KIR2DL3*00101,KIR2DL3*00501,0.737081264058124
30717622086,KIR2DL2*00301,KIR2DL3*00101,0.416066473259088
9523704191,KIR2DL3*00101,KIR2DL3*00101,0.897113881069181
9433069364,KIR2DL3*00101,KIR2DL3*00501,0.732009198158736
3985553394,KIR2DL3*00101,KIR2DL3*00201,0.627735402512315
7886902653,KIR2DL3*00101,KIR2DL3*00201,0.826510419686615
33713146553,KIR2DL2*00301,KIR2DL3*00201,0.416863756703617
9138324015,KIR2DL3*00501,KIR2DL3*006,0.326894992917454
5124836743,KIR2DL3*00101,KIR2DL3*00101,0.865968026470364
9660118273,KIR2DL2*00301,KIR2DL3*00101,0.45079307734341
16397438970,KIR2DL3*00101,KIR2DL3*00201,0.831806608454444
9588675588,KIR2DL3*00101,KIR2DL3*00101,0.900934538547871
9151763391,KIR2DL2*00101,KIR2DL3*00101,0.415136459126997
28432861941,KIR2DL2*00301,KIR2DL3*00101,0.46731336033479
9174549978,KIR2DL2*00101,KIR2DL3*00101,0.520930370347679
9457682153,KIR2DL3*00101,KIR2DL3*00201,0.563089680350147
25556445415,KIR2DL3*00101,KIR2DL3*00101,0.910866329496635
7892230380,KIR2DL3*00101,KIR2DL3*00201,0.858385238981279
16024112648,KIR2DL2*00101,KIR2DL2*00101,0.490898964466322
9417134945,KIR2DL3*00201,KIR2DL3*00201,0.67687405150051
8146828721,KIR2DL2*00101,KIR2DL3*00101,0.532120207205843
19130737366,KIR2DL3*00101,KIR2DL3*00101,0.853956586588891
9187001273,KIR2DL3*00101,KIR2DL3*00101,0.908283455291311
9764670877,KIR2DL3*00101,KIR2DL3*00201,0.831079994347881
5357079058,KIR2DL2*00301,KIR2DL3*00101,0.460721190013794
13622584125,KIR2DL3*00101,KIR2DL3*00101,0.903731580296433
32074603453,KIR2DL3*00101,KIR2DL3*00101,0.922171107775593
33113728123,KIR2DL2*00101,KIR2DL3*00101,0.4189952833911
16699253608,KIR2DL2*00301,KIR2DL3*00101,0.443641892426545
5253333295,KIR2DL3*00101,KIR2DL3*00201,0.80242136044511
7874103598,KIR2DL2*00101,KIR2DL3*00101,0.588090874442569
19855648545,KIR2DL2*00101,KIR2DL3*00201,0.415819690475397
16549246510,KIR2DL3*00101,KIR2DL3*00501,0.501378661243063
9422400111,KIR2DL3*00101,KIR2DL3*00101,0.870260674739527
14886927822,KIR2DL2*00301,KIR2DL3*00101,0.434092625646394
9488188469,KIR2DL3*00201,KIR2DL3*00201,0.571096089062883
7943070560,KIR2DL3*00101,KIR2DL3*00501,0.24909447556486
8997447928,KIR2DL2*00301,KIR2DL3*00201,0.419383704805146
6685527511,KIR2DL3*00101,KIR2DL3*00201,0.837526650986778
18639933345,KIR2DL3*00101,KIR2DL3*00201,0.812458210758621
18467595061,KIR2DL2*00101,KIR2DL2*00301,0.322561839157456
2167985442,KIR2DL3*00101,KIR2DL3*00101,0.903057710035946
9363547642,KIR2DL2*00301,KIR2DL3*00101,0.433931484917304
32236277084,KIR2DL3*00101,KIR2DL3*00201,0.85691726769523
19659548473,KIR2DL3*00101,KIR2DL3*00101,0.915913680936663
9734304401,KIR2DL3*00101,KIR2DL3*00101,0.90941153752975
8765843174,KIR2DL3*00201,KIR2DL3*00201,0.604214209329268
4217338468,KIR2DL3*00101,KIR2DL3*00101,0.920271793011757
6762091841,KIR2DL2*00101,KIR2DL3*00101,0.428941508544907
9468000885,KIR2DL3*00101,KIR2DL3*00501,0.737494888241535
8295599337,KIR2DL3*00101,KIR2DL3*00201,0.559248357843839
6317386315,KIR2DL3*00101,KIR2DL3*00201,0.748839309517255
5132744152,KIR2DL3*00201,KIR2DL3*00501,0.711010807144553
15909806193,KIR2DL3*00101,KIR2DL3*00101,0.896990237956863
7834446031,KIR2DL3*00201,KIR2DL3*00501,0.70336550596461
16452660196,KIR2DL2*00301,KIR2DL3*00101,0.40841091052614
16017552120,KIR2DL3*00101,KIR2DL3*00101,0.910286933828334
7801636032,KIR2DL3*00101,KIR2DL3*00101,0.91099403817934
9587241307,KIR2DL3*00101,KIR2DL3*00201,0.236788460660573
6286040038,KIR2DL2*00101,KIR2DL3*00101,0.647922349449473
17840019998,KIR2DL2*00101,KIR2DL3*00201,0.374751057309415
30567740108,KIR2DL3*00101,KIR2DL3*00101,0.920935092556523
19996738072,KIR2DL3*00101,KIR2DL3*00101,0.908683846166922
8678322550,KIR2DL2*00301,KIR2DL3*00201,0.444054656276734
15733120904,KIR2DL3*00101,KIR2DL3*00101,0.911861970822728
31482163231,KIR2DL2*00301,KIR2DL3*00101,0.419394895899488
17273441927,KIR2DL2*00101,KIR2DL3*00201,0.495151407591061
8974136941,KIR2DL2*00101,KIR2DL2*00301,0.383287535186469
8129763621,KIR2DL3*00101,KIR2DL3*00101,0.912928369348534
5510760640,KIR2DL2*00101,KIR2DL3*00101,0.377032980123106
9251160309,KIR2DL2*00101,KIR2DL3*00101,0.649779885505853
34568248005,KIR2DL3*00101,KIR2DL3*00101,0.903923934108278
14189095955,KIR2DL3*00101,KIR2DL3*00101,0.904231604767098
13885900396,KIR2DL2*00101,KIR2DL3*00101,0.550028133335327
37459657789,KIR2DL3*00201,KIR2DL3*00501,0.63884193541873
16481237269,KIR2DL2*00101,KIR2DL3*00101,0.615705868998472
33341943593,KIR2DL3*00101,KIR2DL3*00101,0.911124533190273
8691285366,KIR2DL3*00101,KIR2DL3*00101,0.9055460613414
9616270101,KIR2DL2*00101,KIR2DL3*00101,0.270639901407263
9613342657,KIR2DL2*00301,KIR2DL3*00101,0.44296418454528
9181102226,KIR2DL3*00101,KIR2DL3*00201,0.840005381996749
16699231527,KIR2DL2*00301,KIR2DL3*00501,0.362800742783935
30957846330,KIR2DL2*00101,KIR2DL3*00101,0.417664005671731
25966512900,KIR2DL3*00101,KIR2DL3*00201,0.227175823459322
16548783749,KIR2DL2*00101,KIR2DL3*00201,0.396355283974742
9320870631,KIR2DL3*00201,KIR2DL3*00201,0.821092299185477
18268179305,KIR2DL2*00101,KIR2DL3*00101,0.631104428501611
9139199856,KIR2DL2*00101,KIR2DL2*00301,0.33381805631589
16468003054,KIR2DL2*00101,KIR2DL3*00201,0.485053582413543
16422777640,KIR2DL3*00101,KIR2DL3*00101,0.91060175151228
16390937322,KIR2DL2*00101,KIR2DL3*00201,0.543016771928497
32350257859,KIR2DL3*00101,KIR2DL3*00201,0.856843073678895
33205934312,KIR2DL2*00301,KIR2DL3*00501,0.408475164599786
1324401483,KIR2DL2*00101,KIR2DL2*00101,0.490724778811089
14476050735,KIR2DL3*00101,KIR2DL3*00201,0.862475983864489
35227855666,KIR2DL2*00101,KIR2DL3*00101,0.57756882580856
34992993188,KIR2DL3*00101,KIR2DL3*00101,0.865888625309834
9518712265,KIR2DL3*00201,KIR2DL3*00201,0.578726244634324
31425082684,KIR2DL2*00101,KIR2DL3*00101,0.354379114151424
28828349249,KIR2DL2*00101,KIR2DL3*00101,0.506144678432993
25997414817,KIR2DL3*00101,KIR2DL3*00101,0.925936263419769
16414570310,KIR2DL2*00101,KIR2DL3*00101,0.441486288208159
14871026523,KIR2DL2*00101,KIR2DL2*00301,0.130315276133433
8738190701,KIR2DL3*00101,KIR2DL3*00201,0.870712931950281
6835512528,KIR2DL2*00101,KIR2DL3*00101,0.458129034176882
4138788775,KIR2DL2*00301,KIR2DL3*00201,0.434096617557295
17144947215,KIR2DL3*00101,KIR2DL3*00101,0.899900704088376
16048993158,KIR2DL2*00301,KIR2DL3*00101,0.448671681249842
16391402843,KIR2DL3*00101,KIR2DL3*00201,0.681680811534784
16391056923,KIR2DL3*00101,KIR2DL3*00101,0.68733228512454
8365479860,KIR2DL3*00101,KIR2DL3*00501,0.606050809963419
9763047995,KIR2DL2*00101,KIR2DL3*00101,0.429767104335084
7956899096,KIR2DL3*00101,KIR2DL3*00201,0.853616779479154
9572565449,KIR2DL2*00101,KIR2DL3*00101,0.491584367183598
5506759555,KIR2DL2*00101,KIR2DL3*00201,0.401567106982776
7408934487,KIR2DL3*00101,KIR2DL3*00101,0.889967009235962
9567945204,KIR2DL3*00101,KIR2DL3*00101,0.910153923846551
8849913794,KIR2DL2*00101,KIR2DL3*00201,0.435519667564917
8377877795,KIR2DL2*00101,KIR2DL3*009,0.458713685329347
16498311570,KIR2DL2*00101,KIR2DL2*00301,0.351444462516265
5109210524,KIR2DL2*00101,KIR2DL3*00501,0.501885974304246
5086712818,KIR2DL3*00101,KIR2DL3*00101,0.868961509154333
9120990274,KIR2DL2*00301,KIR2DL3*00101,0.374176504514968
4524812952,KIR2DL3*00201,KIR2DL3*00201,0.758410377074127
9718403102,KIR2DL3*00101,KIR2DL3*00101,0.86067398815702
7836132393,KIR2DL2*00101,KIR2DL3*00201,0.55074322407393
9625544632,KIR2DL2*00101,KIR2DL2*00301,0.383991149236668
9401602567,KIR2DL3*00101,KIR2DL3*00101,0.904245463440591
16886860230,KIR2DL2*00101,KIR2DL3*00101,0.411587692105605
37219006664,KIR2DL2*00101,KIR2DL3*00101,0.545977494662423
5864731979,KIR2DL2*00101,KIR2DL3*00101,0.588774948348143
4098964688,KIR2DL2*00301,KIR2DL3*00101,0.437380060617139
14419576468,KIR2DL3*00101,KIR2DL3*00101,0.90679290556161
8952966796,KIR2DL3*00101,KIR2DL3*009,0.910804572291526
17344243371,KIR2DL2*00101,KIR2DL3*00101,0.535407809233757
2984695249,KIR2DL3*00101,KIR2DL3*00501,0.729238968512105
36052366163,KIR2DL2*00101,KIR2DL2*00301,0.407141766120111
9573846091,KIR2DL2*00301,KIR2DL3*00101,0.460391902451773
3293166094,KIR2DL2*00101,KIR2DL2*00101,0.46491903284241
8136855909,KIR2DL2*00301,KIR2DL3*00201,0.390996629184743
31550940673,KIR2DL2*00101,KIR2DL2*00301,0.349551932191907
8024751936,KIR2DL2*00602,KIR2DL3*00101,0.258271355816395
9222689035,KIR2DL2*00101,KIR2DL3*00101,0.658263749462683
9762848354,KIR2DL3*00101,KIR2DL3*00201,0.834062661268654
8651579039,KIR2DL2*00301,KIR2DL3*00201,0.445041941310337
3531994697,KIR2DL3*00101,KIR2DL3*00201,0.858441177283038
30920724286,KIR2DL2*00301,KIR2DL3*00101,0.483451600534987
9067023011,KIR2DL2*00301,KIR2DL3*00101,0.368892006319583
16334416136,KIR2DL3*00101,KIR2DL3*00101,0.906933782565413
2804574676,KIR2DL2*00101,KIR2DL2*00101,0.49565387728324
25632056624,KIR2DL2*00101,KIR2DL2*00602,0.3075946827639
31577552624,KIR2DL3*00101,KIR2DL3*00101,0.877565131074508
2593773906,KIR2DL2*00301,KIR2DL3*00101,0.456141892754985
14721385586,KIR2DL3*00201,KIR2DL3*00201,0.817209731808978
32265678479,KIR2DL3*00101,KIR2DL3*00201,0.85982099611729
5133709233,KIR2DL2*00101,KIR2DL3*00201,0.442271686607296
30987240365,KIR2DL2*00101,KIR2DL3*00201,0.411619203948
9152035711,KIR2DL2*00602,KIR2DL3*00201,0.390147135291797
36370347979,KIR2DL2*00101,KIR2DL3*00201,0.421798291884464
8491547609,KIR2DL2*00301,KIR2DL3*00101,0.486693436783384
14840589207,KIR2DL2*00101,KIR2DL3*00101,0.560979600158905
9507356692,KIR2DL2*00101,KIR2DL3*00201,0.605130434421571
30762478579,KIR2DL3*00101,KIR2DL3*00101,0.904844331689867
16422629520,KIR2DL2*00101,KIR2DL3*00101,0.432622841270104
7527239267,KIR2DL3*00101,KIR2DL3*00101,0.894940847538968
14626288753,KIR2DL3*00201,KIR2DL3*00201,0.541215554188386
19142754421,KIR2DL3*00101,KIR2DL3*00201,0.806508716120488
6573132818,KIR2DL3*00101,KIR2DL3*00101,0.906586846425669
8285005525,KIR2DL3*00101,KIR2DL3*00101,0.899306285213348
8993950084,KIR2DL2*00101,KIR2DL3*00201,0.413652691320704
8872230260,KIR2DL3*00101,KIR2DL3*00101,0.892359216794538
8174724074,KIR2DL3*00101,KIR2DL3*00101,0.883886394877127
5377068842,KIR2DL2*00101,KIR2DL2*00301,0.356356968354339
32648630772,KIR2DL3*00101,KIR2DL3*00201,0.385249387596818
27635442716,KIR2DL2*00301,KIR2DL3*00101,0.426262873178864
36968262207,KIR2DL3*00101,KIR2DL3*00101,0.677213167897506
8182976484,KIR2DL3*00101,KIR2DL3*00101,0.859120534085619
7676001604,KIR2DL2*00301,KIR2DL3*00101,0.416186497976326
37529345111,KIR2DL3*00101,KIR2DL3*00101,0.859398187478003
9718288102,KIR2DL2*00101,KIR2DL3*00101,0.367304978690178
17515528254,KIR2DL3*00101,KIR2DL3*00101,0.825635131244945
13599336617,KIR2DL3*00101,KIR2DL3*00501,0.74386469776226
9465377962,KIR2DL3*00201,KIR2DL3*00201,0.816476424609318
7266579039,KIR2DL3*00101,KIR2DL3*00101,0.903020868722643
32764576670,KIR2DL2*00101,KIR2DL3*00101,0.657672386122658
13999723851,KIR2DL3*00101,KIR2DL3*01202,0.589052393230313
9742918371,KIR2DL3*00101,KIR2DL3*00101,0.919644637363223
6728120801,KIR2DL2*00101,KIR2DL3*00101,0.608940721525163
7946969524,KIR2DL2*00301,KIR2DL2*00301,0.27950700916819
5892115811,KIR2DL3*00101,KIR2DL3*00101,0.930694356659084
9536019326,KIR2DL2*00301,KIR2DL3*00101,0.45503133169957
2462051830,KIR2DL2*00301,KIR2DL3*00201,0.408019982944303
34987568862,KIR2DL2*00101,KIR2DL3*00101,0.514410054792229
15822414369,KIR2DL2*00101,KIR2DL3*00101,0.266857068087322
16579445546,KIR2DL2*00101,KIR2DL3*00101,0.404406810172556
8789876362,KIR2DL2*00101,KIR2DL3*00501,0.309522980450094
8358977292,KIR2DL3*00101,KIR2DL3*00101,0.912619616486791
9352195748,KIR2DL3*00101,KIR2DL3*00201,0.853391001892072
7872040036,KIR2DL3*00101,KIR2DL3*00201,0.83060707977293
8482051358,KIR2DL2*00301,KIR2DL3*00101,0.356331541898283
16498323530,KIR2DL2*00101,KIR2DL3*00101,0.507794224451938
5335906153,KIR2DL2*00101,KIR2DL3*00501,0.44830134255934
7741501081,KIR2DL2*00301,KIR2DL3*00101,0.442621540660192
17231161437,KIR2DL2*00101,KIR2DL3*00101,0.43103002784206
8253370367,KIR2DL3*00101,KIR2DL3*00101,0.907928481969911
16248746554,KIR2DL3*00101,KIR2DL3*00501,0.657095076481128
8429834856,KIR2DL2*00101,KIR2DL3*00501,0.477379081823404
36080244956,KIR2DL3*00201,KIR2DL3*00501,0.695412884387867
38181176923,KIR2DL2*00101,KIR2DL3*00101,0.433892786320722
32173844890,KIR2DL2*00101,KIR2DL3*00101,0.454676141466291
9681828459,KIR2DL3*00101,KIR2DL3*00101,0.551316836619455
9704799966,KIR2DL3*00101,KIR2DL3*00201,0.732172461236861
7574943164,KIR2DL3*00101,KIR2DL3*00101,0.878388927748658
8857114642,KIR2DL3*00101,KIR2DL3*00201,0.590813206878266
9375802056,KIR2DL2*00101,KIR2DL3*00101,0.601372334216006
9433642525,KIR2DL3*00101,KIR2DL3*00101,0.908711729031178
16215954955,KIR2DL2*00301,KIR2DL3*00101,0.395874739145486
19350974587,KIR2DL3*00101,KIR2DL3*00201,0.791118113521576
31586996435,KIR2DL3*00101,KIR2DL3*00101,0.90960354931047
9248772906,KIR2DL2*00101,KIR2DL2*00301,0.392592225266699
17988280934,KIR2DL2*00101,KIR2DL3*00101,0.623473549094916
35736319108,KIR2DL3*00101,KIR2DL3*00101,0.926988437688837
25623990055,KIR2DL3*00101,KIR2DL3*00101,0.91461117796076
19397055602,KIR2DL3*00101,KIR2DL3*00101,0.883213416601892
32363240914,KIR2DL2*00101,KIR2DL3*00201,0.194603718985727
9098994888,KIR2DL2*00101,KIR2DL3*00101,0.394492788708759
18616369357,KIR2DL2*00101,KIR2DL3*00101,0.615081408667681
7495926110,KIR2DL3*00101,KIR2DL3*00201,0.851647507271363
16481404710,KIR2DL3*00101,KIR2DL3*00101,0.904965330415377
8384053762,KIR2DL2*00101,KIR2DL3*00101,0.411412375964766
9297401403,KIR2DL3*00101,KIR2DL3*00101,0.903281028193844
16655017195,KIR2DL3*00101,KIR2DL3*00101,0.874257669212197
7722463499,KIR2DL3*00201,KIR2DL3*00201,0.816124284898466
16391060603,KIR2DL3*00101,KIR2DL3*00201,0.86405343792948
16498231529,KIR2DL2*00301,KIR2DL3*00101,0.479387023985834
32421426383,KIR2DL3*00101,KIR2DL3*00501,0.381006668592347
13734386337,KIR2DL2*00101,KIR2DL3*00101,0.408575500083621
5084376015,KIR2DL2*00301,KIR2DL3*00101,0.420307737926867
9143459461,KIR2DL2*00301,KIR2DL3*00101,0.428971981485125
6519747914,KIR2DL3*00101,KIR2DL3*01202,0.269565393398133
30950478962,KIR2DL2*00101,KIR2DL3*00101,0.435844159028526
5378270363,KIR2DL2*00101,KIR2DL3*00201,0.417269028486966
9712727615,KIR2DL3*00101,KIR2DL3*00101,0.905251299778616
17186649945,KIR2DL2*00101,KIR2DL2*00301,0.340409957454173
9397853562,KIR2DL3*00101,KIR2DL3*00101,0.869211699512108
9537622888,KIR2DL3*00101,KIR2DL3*00101,0.926884493342016
31161035931,KIR2DL3*00101,KIR2DL3*00101,0.923085644884759
35303266316,KIR2DL2*00101,KIR2DL2*00301,0.317861397922499
51482870993,KIR2DL2*00301,KIR2DL3*00101,0.413004685328433
30750908645,KIR2DL3*00101,KIR2DL3*00501,0.748800306383568
9691643950,KIR2DL3*00201,KIR2DL3*01202,0.52394200661645
8484933721,KIR2DL3*00101,KIR2DL3*00101,0.904500923866077
34532245603,KIR2DL3*00101,KIR2DL3*00201,0.837453175503682
31348223953,KIR2DL3*00201,KIR2DL3*00201,0.817301359769009
9431291002,KIR2DL3*00101,KIR2DL3*00101,0.918619236918169
16422614800,KIR2DL2*00101,KIR2DL3*00101,0.593453206632203
7412115851,KIR2DL2*00301,KIR2DL3*00201,0.432062304430111
5267665992,KIR2DL2*00101,KIR2DL3*00201,0.483453780566349
5508042037,KIR2DL3*00201,KIR2DL3*00201,0.68443249420494
25853129206,KIR2DL2*00101,KIR2DL3*00101,0.561847424968472
3732072854,KIR2DL2*00101,KIR2DL2*00301,0.358047760129973
9758523429,KIR2DL3*00101,KIR2DL3*00101,0.901160265077529
14025280561,KIR2DL3*00101,KIR2DL3*00201,0.839866159823694
9537735128,KIR2DL2*00301,KIR2DL3*00101,0.364313153019803
6825197476,KIR2DL3*00101,KIR2DL3*00101,0.900709597284386
19640617610,KIR2DL3*00101,KIR2DL3*00201,0.858308919363567
8963890888,KIR2DL2*00101,KIR2DL3*00101,0.583993763876205
8432087939,KIR2DL2*00301,KIR2DL3*00501,0.398801226725312
30919000204,KIR2DL2*00301,KIR2DL3*00101,0.457512473904576
9747878097,KIR2DL2*00101,KIR2DL3*00101,0.263064070540158
30748962843,KIR2DL3*00101,KIR2DL3*00101,0.242009688985765
35428405784,KIR2DL2*00101,KIR2DL3*00101,0.508664063620013
16791417477,KIR2DL2*00101,KIR2DL3*00101,0.418950398906066
8140245193,KIR2DL3*00101,KIR2DL3*00201,0.824288157753064
3253500247,KIR2DL2*00101,KIR2DL2*00301,0.369822998775014
16498149649,KIR2DL3*00101,KIR2DL3*00201,0.86431752688136
275484321,KIR2DL2*00101,KIR2DL3*00201,0.609334462048316
32641655324,KIR2DL3*00101,KIR2DL3*00101,0.844767725593442
8965315050,KIR2DL2*00101,KIR2DL3*00201,0.514062844368683
7711112525,KIR2DL2*00101,KIR2DL3*011,0.454138139736687
36347742632,KIR2DL3*00101,KIR2DL3*00101,0.922173003429512
6223824044,KIR2DL2*00101,KIR2DL3*009,0.627248219197231
18432361780,KIR2DL3*00101,KIR2DL3*00101,0.904435807652753
8670947822,KIR2DL2*00301,KIR2DL3*00101,0.390664970993885
14088495676,KIR2DL3*00101,KIR2DL3*00101,0.901896690223848
36344851069,KIR2DL3*00101,KIR2DL3*00101,0.911263284434439
14446197620,KIR2DL2*00301,KIR2DL3*00101,0.397418367648678
8965191770,KIR2DL2*00101,KIR2DL3*00101,0.410012520753676
7791340300,KIR2DL2*00301,KIR2DL3*00101,0.412097421816577
7597061830,KIR2DL2*00101,KIR2DL3*00501,0.527839328339995
9764129916,KIR2DL2*00101,KIR2DL3*00101,0.458309843154579
9351321747,KIR2DL3*00201,KIR2DL3*00201,0.825934096504656
9612416216,KIR2DL2*00301,KIR2DL3*00101,0.483684057083085
7848770448,KIR2DL3*00201,KIR2DL3*00201,0.812576330820138
8622886045,KIR2DL3*00201,KIR2DL3*00501,0.698837523297687
28652974041,KIR2DL2*00101,KIR2DL2*00301,0.341257139500882
7499588635,KIR2DL3*00201,KIR2DL3*00201,0.791364012110849
14589869590,KIR2DL2*00301,KIR2DL3*00201,0.435248810631237
9348536904,KIR2DL2*00101,KIR2DL3*00201,0.415796293049878
34568060325,KIR2DL3*00101,KIR2DL3*00101,0.906901814600509
14845996973,KIR2DL3*00101,KIR2DL3*00101,0.904415124338786
5374051238,KIR2DL2*00101,KIR2DL3*00101,0.407174822811766
16391090043,KIR2DL3*00101,KIR2DL3*00101,0.906933782565413
28709811709,KIR2DL3*00101,KIR2DL3*00201,0.834364133714899
25773126831,KIR2DL2*00301,KIR2DL3*00101,0.420025817598724
16542508422,KIR2DL3*00201,KIR2DL3*00201,0.804798545282009
55391582101,KIR2DL3*00101,KIR2DL3*00201,0.846932901679248
8699006015,KIR2DL3*00101,KIR2DL3*00101,0.896932879295842
8583451118,KIR2DL3*00101,KIR2DL3*00101,0.921240575759691
18809499666,KIR2DL3*00101,KIR2DL3*00101,0.90674099334628
2871339155,KIR2DL3*00101,KIR2DL3*00101,0.920546136124075
9680365657,KIR2DL2*00101,KIR2DL3*00501,0.456671693549328
30989423528,KIR2DL3*00101,KIR2DL3*00201,0.833810686531286
7897939906,KIR2DL2*00101,KIR2DL2*00301,0.371739684624102
8175047914,KIR2DL3*00101,KIR2DL3*00101,0.918941374825253
16364274771,KIR2DL2*00101,KIR2DL3*00101,0.458865394257658
31895845401,KIR2DL2*00101,KIR2DL3*00101,0.442776573442345
18169336228,KIR2DL3*00201,KIR2DL3*00201,0.771145252402925
9187974634,KIR2DL3*00101,KIR2DL3*00501,0.735093981576749
28520788285,KIR2DL3*00101,KIR2DL3*00101,0.920365814469665
3310170474,KIR2DL2*00101,KIR2DL3*00201,0.597826137258628
33254373290,KIR2DL3*00501,KIR2DL3*00501,0.45127386111652
16780723384,KIR2DL3*00101,KIR2DL3*00101,0.909868263386203
34455768672,KIR2DL2*00301,KIR2DL3*00101,0.398767974582719
36359782686,KIR2DL3*00101,KIR2DL3*00101,0.88746850891138
8882191112,KIR2DL3*00101,KIR2DL3*00201,0.699589369074599
19113369586,KIR2DL2*00101,KIR2DL3*00101,0.618022029877547
8788256241,KIR2DL2*00301,KIR2DL3*00101,0.4484124448163
7399601076,KIR2DL2*00101,KIR2DL3*00101,0.549135807462444
16452727356,KIR2DL3*00201,KIR2DL3*00201,0.260517619116686
9752359422,KIR2DL3*00101,KIR2DL3*00101,0.911576662470903
28807713624,KIR2DL2*00101,KIR2DL2*00301,0.318429802223466
7579988450,KIR2DL2*00101,KIR2DL3*00501,0.527551203647658
17323120146,KIR2DL3*00101,KIR2DL3*00101,0.904844331689867
30739961552,KIR2DL3*00101,KIR2DL3*00101,0.91386621276508
16414350430,KIR2DL2*00101,KIR2DL3*00101,0.599091826759909
6679592584,KIR2DL3*00101,KIR2DL3*00201,0.81925483654695
13460594013,KIR2DL3*00101,KIR2DL3*00101,0.878977851840278
8837640979,KIR2DL3*00101,KIR2DL3*00201,0.848905505981485
36349736275,KIR2DL3*00201,KIR2DL3*00201,0.81143954830369
36327941449,KIR2DL2*00101,KIR2DL3*00101,0.590817943002248
16096889334,KIR2DL3*00101,KIR2DL3*00101,0.894860530999761
8178157518,KIR2DL3*00101,KIR2DL3*00101,0.89804360031663
9702314123,KIR2DL3*00101,KIR2DL3*00101,0.919724725536509
3841403943,KIR2DL2*00101,KIR2DL3*00101,0.41617848113645
16549239150,KIR2DL3*00201,KIR2DL3*00201,0.814830277546413
8342357473,KIR2DL3*00101,KIR2DL3*00101,0.902750335805177
33093960980,KIR2DL2*00101,KIR2DL3*00101,0.638762595996542
34242893300,KIR2DL2*00101,KIR2DL3*00101,0.42522067141023
9108768980,KIR2DL3*00101,KIR2DL3*00201,0.303067043235145
16391139723,KIR2DL3*00101,KIR2DL3*00101,0.744068273442291
9512660498,KIR2DL3*00101,KIR2DL3*00101,0.41065152324946
1531788129,KIR2DL3*00201,KIR2DL3*00501,0.717355565520423
14520157427,KIR2DL3*00101,KIR2DL3*00201,0.859276789901339
9754860905,KIR2DL2*00101,KIR2DL2*00602,0.258624694082186
9029664526,KIR2DL2*00101,KIR2DL2*00301,0.339162499676146
7956756496,KIR2DL3*00101,KIR2DL3*00101,0.91141695385202
9485185586,KIR2DL3*00101,KIR2DL3*00201,0.812260479463996
9480515660,KIR2DL2*00101,KIR2DL2*00301,0.408821128278937
9557221671,KIR2DL2*00101,KIR2DL3*00101,0.527020782993276
9031582729,KIR2DL3*00101,KIR2DL3*00201,0.813457555191697
35207435322,KIR2DL3*00201,KIR2DL3*00501,0.606808472355771
16556326838,KIR2DL3*00101,KIR2DL3*00101,0.887043957268389
14626235393,KIR2DL3*00201,KIR2DL3*00201,0.768297602210698
31382849114,KIR2DL2*00602,KIR2DL2*00602,0.387904135861203
5598551744,KIR2DL3*00101,KIR2DL3*00201,0.365272616854651
17726133983,KIR2DL3*00101,KIR2DL3*00201,0.822374613982272
2710429124,KIR2DL2*00101,KIR2DL3*00101,0.415875480560335
19041538661,KIR2DL2*00101,KIR2DL3*00501,0.523580478778587
5993754772,KIR2DL3*00101,KIR2DL3*00101,0.873513456898817
7649234172,KIR2DL3*00101,KIR2DL3*00201,0.294739306018242
36001136822,KIR2DL3*00101,KIR2DL3*00101,0.906221349297288
14182610868,KIR2DL3*00101,KIR2DL3*00201,0.875363270115634
27086045666,KIR2DL3*00101,KIR2DL3*00201,0.831534300341022
32648579252,KIR2DL2*00101,KIR2DL3*00101,0.547925436861512
9737995445,KIR2DL3*00101,KIR2DL3*00101,0.911161293070051
5550680407,KIR2DL2*00101,KIR2DL3*00201,0.27447194517357
8556685526,KIR2DL2*00101,KIR2DL2*00301,0.444759238036432
1495182205,KIR2DL2*00101,KIR2DL3*00101,0.635189070524541
9624566671,KIR2DL3*00101,KIR2DL3*00101,0.903842767530968
19130591086,KIR2DL3*00101,KIR2DL3*00101,0.57572692248063
5104204798,KIR2DL2*00301,KIR2DL3*00201,0.382979836630959
34613979419,KIR2DL2*00101,KIR2DL3*00101,0.30973041588967
33212124080,KIR2DL2*00101,KIR2DL2*00101,0.490977801118607
9347523063,KIR2DL3*00101,KIR2DL3*00101,0.860273497592415
7979464883,KIR2DL3*00101,KIR2DL3*00101,0.910011243694106
5873265909,KIR2DL3*00101,KIR2DL3*00201,0.770537971493527
9340781295,KIR2DL2*00101,KIR2DL3*00101,0.422628654461238
1292639365,KIR2DL3*00101,KIR2DL3*00101,0.862332416028394
8491167649,KIR2DL2*00101,KIR2DL2*00301,0.349484346619945
8023858615,KIR2DL3*00101,KIR2DL3*00201,0.867170941837685
5103094357,KIR2DL3*00101,KIR2DL3*00101,0.865837883998529
9515274221,KIR2DL2*00101,KIR2DL3*00101,0.528454973482013
4209499139,KIR2DL3*00201,KIR2DL3*00501,0.709210341810579
8446174075,KIR2DL2*00101,KIR2DL2*00602,0.361488335128217
54985237860,KIR2DL3*00101,KIR2DL3*00101,0.890622396617096
8619317360,KIR2DL3*00101,KIR2DL3*00201,0.824070256865282
28472909588,KIR2DL3*00101,KIR2DL3*00101,0.905948111730883
14721545666,KIR2DL2*00101,KIR2DL3*00101,0.419648072654322
7489727143,KIR2DL2*00101,KIR2DL2*00301,0.299397211380486
15937259945,KIR2DL2*00301,KIR2DL3*00101,0.414357835527098
9266831607,KIR2DL3*00101,KIR2DL3*00201,0.860251451201426
30638589392,KIR2DL3*00101,KIR2DL3*00201,0.789661480399557
51777599782,KIR2DL2*00301,KIR2DL3*00501,0.405585636901767
32219096984,KIR2DL3*00101,KIR2DL3*00101,0.871624784372134
17221211626,KIR2DL2*00101,KIR2DL3*00201,0.539571632440398
15801885465,KIR2DL3*00101,KIR2DL3*009,0.91914520513079
9664373278,KIR2DL3*00101,KIR2DL3*00101,0.906933782565413
32325228309,KIR2DL3*00101,KIR2DL3*00201,0.833872118476815
34067233812,KIR2DL2*00101,KIR2DL3*00101,0.366157930056037
6798844965,KIR2DL3*00101,KIR2DL3*00101,0.880330807436972
17815057609,KIR2DL2*00602,KIR2DL2*00602,0.493181398309981
8169418428,KIR2DL3*00101,KIR2DL3*00101,0.903763415367831
7676338324,KIR2DL3*00101,KIR2DL3*00101,0.867489171843255
31961484719,KIR2DL2*00101,KIR2DL3*00201,0.598880540216293
16452603155,KIR2DL3*00101,KIR2DL3*00101,0.664830826030185
8615499356,KIR2DL3*00101,KIR2DL3*00501,0.690866141837626
34465491244,KIR2DL2*00101,KIR2DL3*00201,0.327140325797167
9234958169,KIR2DL3*00101,KIR2DL3*00201,0.822112793487719
34086646755,KIR2DL3*00101,KIR2DL3*00101,0.920152140039925
36151417160,KIR2DL3*00101,KIR2DL3*00101,0.887672588668771
36482430792,KIR2DL3*00101,KIR2DL3*00101,0.902023111694892
18809199746,KIR2DL3*00101,KIR2DL3*00201,0.849909974426828
9070560415,KIR2DL2*00101,KIR2DL3*00101,0.577254993534189
9735595162,KIR2DL3*00101,KIR2DL3*00101,0.910023632144983
32308496250,KIR2DL3*00101,KIR2DL3*00101,0.90818298677292
7946827844,KIR2DL3*00101,KIR2DL3*00101,0.861577245548338
14893618070,KIR2DL3*00101,KIR2DL3*00101,0.915159312152416
31442036464,KIR2DL2*00101,KIR2DL3*00201,0.60734897605274
5864055778,KIR2DL3*00101,KIR2DL3*00101,0.912504305222802
465957667,KIR2DL2*00101,KIR2DL3*00101,0.615452773336275
31848783665,KIR2DL3*00101,KIR2DL3*00101,0.808919063488177
32659763705,KIR2DL2*00101,KIR2DL2*00301,0.219358203720827
16467984654,KIR2DL3*00101,KIR2DL3*00501,0.748838963317053
7822327777,KIR2DL3*00101,KIR2DL3*00501,0.746329696327808
5503793472,KIR2DL3*00101,KIR2DL3*00201,0.842806398376652
18341904512,KIR2DL3*00101,KIR2DL3*00101,0.884836791987863
31960910638,KIR2DL3*00101,KIR2DL3*00101,0.455682007825437
14713065096,KIR2DL3*00201,KIR2DL3*00201,0.192413683356965
6199011615,KIR2DL3*00101,KIR2DL3*00101,0.877516556990122
32226988753,KIR2DL2*00101,KIR2DL3*00101,0.427871404845666
33530034136,KIR2DL2*00301,KIR2DL3*00101,0.455285585495249
9112732345,KIR2DL3*00101,KIR2DL3*00101,0.905370121923402
17310287971,KIR2DL3*00101,KIR2DL3*00101,0.809286334972035
7761247984,KIR2DL2*00301,KIR2DL3*00101,0.429881296111367
9744041692,KIR2DL3*00101,KIR2DL3*00101,0.479232178434084
25941374791,KIR2DL2*00101,KIR2DL2*00301,0.346198142506216
1716646707,KIR2DL3*00201,KIR2DL3*00201,0.823714785062544
18582281477,KIR2DL3*00101,KIR2DL3*00101,0.916019709236958
9761062632,KIR2DL3*00101,KIR2DL3*00101,0.914890458201868
9684112821,KIR2DL2*00301,KIR2DL3*00201,0.445191277951715
6348351712,KIR2DL2*00101,KIR2DL3*00201,0.456356350740125
18606895186,KIR2DL3*00101,KIR2DL3*00101,0.877323949747305
7825663701,KIR2DL3*00101,KIR2DL3*00101,0.919086870733989
9091943080,KIR2DL3*00101,KIR2DL3*00201,0.826207398795616
36061944294,KIR2DL2*00101,KIR2DL3*00101,0.331808569244008
7885228251,KIR2DL2*00101,KIR2DL3*00101,0.425007832933971
6215861435,KIR2DL3*00101,KIR2DL3*00201,0.825860735925703
50116428335,KIR2DL3*00101,KIR2DL3*00201,0.803967613585623
7971263073,KIR2DL2*00301,KIR2DL3*00101,0.455182801038136
9433713365,KIR2DL2*00101,KIR2DL3*00101,0.630374603286455
9101801812,KIR2DL2*00301,KIR2DL3*00201,0.421902736585741
31079919435,KIR2DL3*00101,KIR2DL3*00101,0.86797941666008
9630961598,KIR2DL2*00301,KIR2DL3*00101,0.414506874953737
8203944229,KIR2DL2*00101,KIR2DL3*00101,0.655788051164901
7850881851,KIR2DL2*00301,KIR2DL3*00101,0.439306368785844
16397794091,KIR2DL2*00101,KIR2DL2*00301,0.381807338624382
31443837826,KIR2DL3*00101,KIR2DL3*00101,0.842127837741237
9031558809,KIR2DL2*00101,KIR2DL3*00101,0.525826233924639
14350604907,KIR2DL2*00101,KIR2DL3*00501,0.530282931824252
19350969987,KIR2DL2*00101,KIR2DL3*00101,0.645580094052145
16480953909,KIR2DL2*00101,KIR2DL3*00101,0.536838778991016
19741243649,KIR2DL2*00301,KIR2DL3*00101,0.405666843512651
17342933290,KIR2DL3*00101,KIR2DL3*00101,0.858362504142033
17774095480,KIR2DL3*00101,KIR2DL3*00201,0.849710248442409
9106837898,KIR2DL3*00101,KIR2DL3*00201,0.616141907903038
16556056358,KIR2DL3*00101,KIR2DL3*00201,0.689955034733427
28696645573,KIR2DL2*00101,KIR2DL3*00101,0.509324593020998
7832730229,KIR2DL3*00101,KIR2DL3*00101,0.84396345950153
8215408362,KIR2DL3*00101,KIR2DL3*00201,0.606167986421939
14728734554,KIR2DL2*00101,KIR2DL3*00101,0.529751468030716
13556925487,KIR2DL3*00101,KIR2DL3*00101,0.86416263914036
25724489134,KIR2DL2*00101,KIR2DL3*00101,0.512641994939419
18959861884,KIR2DL2*00101,KIR2DL3*00101,0.656534211834662
5371868995,KIR2DL2*00101,KIR2DL2*00301,0.402623235342368
14081990349,KIR2DL2*00101,KIR2DL3*00101,0.618867319074803
9096192565,KIR2DL3*00101,KIR2DL3*00101,0.904721786431142
9499572563,KIR2DL3*00101,KIR2DL3*00201,0.85927509766823
25547692524,KIR2DL2*00301,KIR2DL3*00501,0.384522157431582
5372768756,KIR2DL2*00101,KIR2DL3*00101,0.421668503613146
3586930722,KIR2DL3*00101,KIR2DL3*00101,0.835670294193816
7973190475,KIR2DL2*00101,KIR2DL3*00101,0.422931654233064
18229208979,KIR2DL3*00101,KIR2DL3*00101,0.911578525348029
6537396295,KIR2DL2*00101,KIR2DL3*00101,0.537998545179523
6287141279,KIR2DL2*00101,KIR2DL3*00101,0.608940721525163
9626026712,KIR2DL3*00101,KIR2DL3*00101,0.616538719263256
30969662824,KIR2DL3*00101,KIR2DL3*00101,0.906543612842517
444900682,KIR2DL2*00101,KIR2DL3*00101,0.39281381443786
9099310449,KIR2DL3*00101,KIR2DL3*00201,0.855073054073735
1769250530,KIR2DL2*00101,KIR2DL3*00201,0.597630957701352
19961709030,KIR2DL3*00101,KIR2DL3*00101,0.874565232716246
35174176363,KIR2DL3*00101,KIR2DL3*00101,0.919929132501135
20007822245,KIR2DL3*00101,KIR2DL3*00101,0.913355785231349
3335771345,KIR2DL2*00101,KIR2DL2*00301,0.39550945118733
6247489232,KIR2DL3*00101,KIR2DL3*00501,0.665704751567267
6249745995,KIR2DL2*00101,KIR2DL3*00201,0.600205145661177
6734444889,KIR2DL2*00101,KIR2DL3*00101,0.442776573442345
9098812728,KIR2DL3*00101,KIR2DL3*00201,0.77995179687696
9089774638,KIR2DL3*00101,KIR2DL3*00501,0.731420005660631
30186549617,KIR2DL3*00101,KIR2DL3*00201,0.776872931066346
9134117770,KIR2DL3*00101,KIR2DL3*00101,0.907354460890664
19058359041,KIR2DL2*00101,KIR2DL3*00101,0.385981718497244
9308200376,KIR2DL2*00301,KIR2DL3*00101,0.425082905572115
5316197889,KIR2DL2*00301,KIR2DL3*00101,0.457496385003075
30701532187,KIR2DL2*00301,KIR2DL3*00201,0.445299238735474
18203184908,KIR2DL2*00101,KIR2DL3*00101,0.638671064229336
9604002806,KIR2DL2*00301,KIR2DL3*00101,0.42306309460576
8263250259,KIR2DL2*00301,KIR2DL3*009,0.286855153824943
9098177927,KIR2DL2*00101,KIR2DL3*00101,0.604962610182237
25521498253,KIR2DL2*00101,KIR2DL3*00201,0.48662967230269
7707741641,KIR2DL2*00101,KIR2DL3*00101,0.633685281723796
17123218629,KIR2DL3*00101,KIR2DL3*00201,0.864831764817907
28465631459,KIR2DL3*00101,KIR2DL3*00201,0.839046710105254
9429085759,KIR2DL2*00101,KIR2DL2*00301,0.361196667074413
5896689137,KIR2DL2*00101,KIR2DL3*00101,0.442125024929371
9647861098,KIR2DL2*00101,KIR2DL2*00602,0.318293569905683
31100105179,KIR2DL3*00101,KIR2DL3*00101,0.91783321973348
16391000803,KIR2DL3*00201,KIR2DL3*00201,0.814606555986518
84532575,KIR2DL3*00101,KIR2DL3*00101,0.906715271367174
9762402154,KIR2DL3*00101,KIR2DL3*00201,0.836511981929754
9705024446,KIR2DL2*00101,KIR2DL3*00101,0.613228581997945
8227177936,KIR2DL3*00101,KIR2DL3*00101,0.91334748353985
16147035834,KIR2DL3*00101,KIR2DL3*009,0.703454917123284
28784757757,KIR2DL3*00101,KIR2DL3*00201,0.832454619200515
8546092634,KIR2DL3*00201,KIR2DL3*00201,0.752225645670548
28784935318,KIR2DL3*00101,KIR2DL3*00101,0.891238231810808
9216659348,KIR2DL2*00101,KIR2DL3*00101,0.622003399403625
8372364228,KIR2DL2*00101,KIR2DL2*00301,0.445598937475196
9227859441,KIR2DL3*00501,KIR2DL3*00501,0.463731430189849
7648505531,KIR2DL3*00101,KIR2DL3*00101,0.910023632144983
9744050892,KIR2DL3*00101,KIR2DL3*00201,0.856127737291627
32237787726,KIR2DL3*00201,KIR2DL3*00201,0.831114805285125
7757077620,KIR2DL2*00101,KIR2DL3*00101,0.594123878253387
34094860525,KIR2DL3*00101,KIR2DL3*00101,0.904165427045711
19659512593,KIR2DL2*00101,KIR2DL2*00301,0.376516481162574
5316626610,KIR2DL3*00101,KIR2DL3*006,0.623963281577419
31061269173,KIR2DL3*00101,KIR2DL3*00201,0.82399979969431
9673901729,KIR2DL3*00101,KIR2DL3*00201,0.85629980875874
9111793024,KIR2DL2*00101,KIR2DL3*00101,0.559390630832295
9123272797,KIR2DL2*00101,KIR2DL2*00602,0.308063928218272
8730414852,KIR2DL2*00101,KIR2DL3*01202,0.429102574786282
9702124603,KIR2DL3*00101,KIR2DL3*00101,0.895524570424438
16481414830,KIR2DL3*00101,KIR2DL3*00101,0.905251299778616
9015893950,KIR2DL2*00101,KIR2DL3*00101,0.465792562243657
32190495070,KIR2DL2*00101,KIR2DL3*00201,0.41490560934528
6324019523,KIR2DL3*00101,KIR2DL3*00101,0.914007467038464
49925829869,KIR2DL3*00101,KIR2DL3*00101,0.923561848685909
14648288739,KIR2DL3*00101,KIR2DL3*00101,0.8674638545525
7636464557,KIR2DL2*00101,KIR2DL3*00101,0.526491156886999
9628275195,KIR2DL3*00201,KIR2DL3*00201,0.815130728471375
8546428434,KIR2DL3*00101,KIR2DL3*00101,0.868056711169494
9727322512,KIR2DL3*00101,KIR2DL3*00101,0.890426491488314
7518004296,KIR2DL2*00101,KIR2DL3*00201,0.412168933655262
18604702824,KIR2DL2*00101,KIR2DL2*00301,0.320131208425161
6337261098,KIR2DL2*00301,KIR2DL3*00101,0.434701207438542
7811102844,KIR2DL3*00101,KIR2DL3*00101,0.857153704827947
3205609590,KIR2DL3*00101,KIR2DL3*00101,0.90064209431574
8775304465,KIR2DL2*00101,KIR2DL3*00101,0.442277224354534
7670839477,KIR2DL2*00101,KIR2DL3*00101,0.534467240631633
28710210069,KIR2DL2*00101,KIR2DL2*00101,0.420221706763343
9732952919,KIR2DL3*00101,KIR2DL3*00201,0.840955241937402
2849918769,KIR2DL3*00101,KIR2DL3*00201,0.876134380357071
9136504253,KIR2DL2*00101,KIR2DL3*00101,0.591173613821902
17267104040,KIR2DL2*00101,KIR2DL3*00101,0.547435531230985
9611993016,KIR2DL2*00301,KIR2DL3*00101,0.455182801038136
9095727045,KIR2DL3*00101,KIR2DL3*00201,0.823630169745071
9485067826,KIR2DL2*00101,KIR2DL3*00101,0.596905800375139
14700883361,KIR2DL3*00101,KIR2DL3*00201,0.829994271752676
9761748033,KIR2DL2*00101,KIR2DL3*00101,0.54004603983953
5863782538,KIR2DL2*00101,KIR2DL2*00301,0.351442758584974
577976079,KIR2DL2*00101,KIR2DL3*00501,0.413001123387787
14886306821,KIR2DL3*00101,KIR2DL3*00501,0.714407848813235
35791445574,KIR2DL2*00301,KIR2DL3*00101,0.444161124284607
46029132135,KIR2DL3*00101,KIR2DL3*00101,0.91581744979108
13698774935,KIR2DL3*00101,KIR2DL3*00201,0.853191462921731
5161823547,KIR2DL3*00101,KIR2DL3*00201,0.832951440451212
9195063242,KIR2DL2*00101,KIR2DL2*00301,0.339162499676146
9381826223,KIR2DL2*00101,KIR2DL2*00301,0.432583540937113
36458723284,KIR2DL2*00101,KIR2DL3*00101,0.410465792249576
14532927042,KIR2DL3*00101,KIR2DL3*00101,0.903718163973257
8325712813,KIR2DL3*00101,KIR2DL3*00201,0.857526684486957
30623056094,KIR2DL3*00101,KIR2DL3*00101,0.910361195185204
13390328010,KIR2DL2*00101,KIR2DL3*00201,0.592566572572009
9031928649,KIR2DL3*00101,KIR2DL3*00101,0.656869158415176
3409191111,KIR2DL2*00301,KIR2DL3*00201,0.441568027299725
5455361854,KIR2DL3*00101,KIR2DL3*00201,0.857289892233443
14431884243,KIR2DL3*00101,KIR2DL3*00201,0.60255015748468
17981482126,KIR2DL2*00301,KIR2DL3*00101,0.447162458098562
14257824637,KIR2DL2*00101,KIR2DL3*00101,0.59133130400719
9501273645,KIR2DL2*00101,KIR2DL3*00101,0.617979790859976
9674901770,KIR2DL3*00101,KIR2DL3*00101,0.855025953430778
8583844878,KIR2DL2*00101,KIR2DL2*00301,0.153228664564179
9458530394,KIR2DL2*00101,KIR2DL3*00101,0.423420083532069
14619654625,KIR2DL2*00101,KIR2DL2*00301,0.442828883199952
9468107605,KIR2DL3*00101,KIR2DL3*00201,0.80650220124045
19840346167,KIR2DL2*00301,KIR2DL3*00101,0.438538221322669
9615264540,KIR2DL2*00101,KIR2DL3*00101,0.214330443228681
7522750582,KIR2DL2*00101,KIR2DL3*00101,0.654549521486197
16186860841,KIR2DL2*00101,KIR2DL3*00201,0.612136243660902
9491908954,KIR2DL2*00301,KIR2DL3*00201,0.408350535195767
375089159,KIR2DL2*00101,KIR2DL3*00101,0.641123244310627
16831285724,KIR2DL2*00101,KIR2DL3*00101,0.4060931151944
9709192051,KIR2DL3*00101,KIR2DL3*00201,0.845190008798447
2840169518,KIR2DL2*00301,KIR2DL3*00101,0.419307730841126
28728173090,KIR2DL2*00101,KIR2DL3*00501,0.528022028790394
5123018821,KIR2DL3*00101,KIR2DL3*00101,0.910023632144983
8437917066,KIR2DL2*00101,KIR2DL3*00101,0.534521879094025
30750825845,KIR2DL2*00301,KIR2DL3*00101,0.400417896530009
31395770529,KIR2DL3*00201,KIR2DL3*00201,0.834877776091333
19946480252,KIR2DL2*00101,KIR2DL3*00101,0.506928992769515
49483278065,KIR2DL2*00101,KIR2DL3*00101,0.640564785443098
28580634356,KIR2DL3*00101,KIR2DL3*00501,0.70577108250324
17709041283,KIR2DL3*00101,KIR2DL3*00201,0.293227916026055
16391039443,KIR2DL2*00301,KIR2DL3*00101,0.377214974837172
9343030697,KIR2DL2*00101,KIR2DL3*00201,0.593550991931853
15986304283,KIR2DL2*00101,KIR2DL2*00602,0.261311330574431
35719163848,KIR2DL2*00301,KIR2DL3*00201,0.416734190364678
17846945766,KIR2DL3*00101,KIR2DL3*00201,0.826058633374497
9690988909,KIR2DL3*00101,KIR2DL3*00101,0.636599951062884
30708090875,KIR2DL3*00101,KIR2DL3*00201,0.83634916279494
9523210151,KIR2DL2*00301,KIR2DL3*00101,0.430595417152233
9516392943,KIR2DL3*00101,KIR2DL3*00101,0.851188011495706
9331973204,KIR2DL2*00301,KIR2DL3*00101,0.447566127021917
6363040449,KIR2DL2*00101,KIR2DL3*00101,0.461614856523087
16556048998,KIR2DL3*00101,KIR2DL3*00101,0.90482859645573
33392057893,KIR2DL3*00101,KIR2DL3*00101,0.733745127586495
9258267317,KIR2DL3*00101,KIR2DL3*00101,0.910133592905918
16555803358,KIR2DL3*00101,KIR2DL3*00101,0.920152140039925
5998813858,KIR2DL3*00201,KIR2DL3*00201,0.815516490125396
31316442515,KIR2DL2*00101,KIR2DL3*00201,0.600812449157899
9689680668,KIR2DL3*00101,KIR2DL3*00101,0.90986674486501
16103485742,KIR2DL2*00301,KIR2DL3*00101,0.465139619939162
14189618516,KIR2DL3*00101,KIR2DL3*00101,0.907887563123895
16414425870,KIR2DL3*00101,KIR2DL3*00101,0.917938597159763
16942377695,KIR2DL3*00101,KIR2DL3*00101,0.388355764615919
3108688396,KIR2DL2*00101,KIR2DL2*00301,0.411279666013113
6568189652,KIR2DL3*00101,KIR2DL3*00201,0.835815335629815
9760280631,KIR2DL2*00101,KIR2DL3*00101,0.414473639973754
16390958482,KIR2DL3*00101,KIR2DL3*00101,0.899744830105197
7697365869,KIR2DL2*00101,KIR2DL3*00101,0.420448601584807
14560984316,KIR2DL2*00301,KIR2DL3*00101,0.39701054082094
5108503044,KIR2DL2*00301,KIR2DL3*00101,0.448801063630106
16390979642,KIR2DL2*00101,KIR2DL3*00101,0.633699916352631
7960045500,KIR2DL3*00201,KIR2DL3*00201,0.255608403363761
32965810348,KIR2DL2*00101,KIR2DL3*00101,0.400264830990144
13550268359,KIR2DL3*00101,KIR2DL3*00201,0.698359346840482
8979877747,KIR2DL2*00101,KIR2DL3*00101,0.243223496638208
16481372510,KIR2DL2*00301,KIR2DL3*00101,0.449978868049349
16881098263,KIR2DL3*00101,KIR2DL3*00201,0.842168803764516
19731261638,KIR2DL3*00101,KIR2DL3*00101,0.89705283140047
8168037506,KIR2DL3*00101,KIR2DL3*00101,0.874758257380351
8580782195,KIR2DL3*00101,KIR2DL3*00201,0.854744276799085
15894081534,KIR2DL3*00101,KIR2DL3*00101,0.908054399715734
9697797837,KIR2DL3*00201,KIR2DL3*00201,0.820174359565714
33197892583,KIR2DL2*00301,KIR2DL3*00101,0.435579579055183
37501433198,KIR2DL3*00201,KIR2DL3*00501,0.636503854247096
32274022889,KIR2DL2*00101,KIR2DL3*00101,0.478773824593822
6337358619,KIR2DL3*00101,KIR2DL3*00101,0.895593528289701
28506861308,KIR2DL2*00101,KIR2DL2*00301,0.355954575648743
5279545966,KIR2DL2*00101,KIR2DL2*00301,0.379312965831789
9718476702,KIR2DL2*00301,KIR2DL3*00501,0.387928340141689
9565066520,KIR2DL3*00101,KIR2DL3*00101,0.905006698635379
31215808196,KIR2DL3*00101,KIR2DL3*00101,0.916475106791593
14728731794,KIR2DL3*00101,KIR2DL3*00101,0.910866329496635
7836223473,KIR2DL2*00301,KIR2DL3*009,0.478222154315552
17807196199,KIR2DL3*00101,KIR2DL3*00101,0.862816384133033
34055486318,KIR2DL3*00101,KIR2DL3*00201,0.745774489043068
25603850311,KIR2DL2*00101,KIR2DL3*00101,0.514355265598855
9326485398,KIR2DL2*00101,KIR2DL3*00201,0.600285133589881
15943777233,KIR2DL2*00101,KIR2DL3*00101,0.430802116006464
17781721369,KIR2DL2*00101,KIR2DL3*00101,0.53908031266381
9566702282,KIR2DL2*00101,KIR2DL3*00101,0.650380395440759
7936252432,KIR2DL3*00101,KIR2DL3*00201,0.841734639405504
31335027457,KIR2DL2*00101,KIR2DL2*00301,0.339221841977791
6794564200,KIR2DL2*00301,KIR2DL3*00101,0.365533746954714
30620547251,KIR2DL3*00101,KIR2DL3*00501,0.622537750227271
9751119261,KIR2DL2*00301,KIR2DL3*00101,0.420346617695741
9038537017,KIR2DL2*00101,KIR2DL3*006,0.425674061418045
9510709176,KIR2DL2*00301,KIR2DL3*00201,0.338559369250521
9118502592,KIR2DL2*00101,KIR2DL3*00101,0.471898097652569
9337264131,KIR2DL2*00101,KIR2DL2*00301,0.413601008717396
18944868626,KIR2DL2*00101,KIR2DL2*00301,0.348387745095125
31602354013,KIR2DL3*00101,KIR2DL3*00101,0.901655808091251
31415479712,KIR2DL3*00101,KIR2DL3*00501,0.743628289515264
9764778517,KIR2DL2*00101,KIR2DL3*00501,0.349589450582594
9677923054,KIR2DL3*00101,KIR2DL3*00201,0.855677976284067
14037471496,KIR2DL2*00101,KIR2DL3*00101,0.420711300386513
16397807891,KIR2DL3*00101,KIR2DL3*00101,0.63840013678065
16497998769,KIR2DL2*00101,KIR2DL3*00101,0.637866853209617
7851656492,KIR2DL3*006,KIR2DL3*01202,0.298624477648044
6656420516,KIR2DL2*00101,KIR2DL3*00201,0.413618994851261
33913377430,KIR2DL3*00101,KIR2DL3*00101,0.887171580837674
16257978765,KIR2DL3*00101,KIR2DL3*00201,0.822810776574732
9159247600,KIR2DL3*00101,KIR2DL3*00101,0.914510011675905
5351302371,KIR2DL3*00101,KIR2DL3*00101,0.90353143105587
35351102692,KIR2DL2*00101,KIR2DL3*00201,0.418748590492987
8174851954,KIR2DL2*00101,KIR2DL2*00301,0.210650706988134
54916547819,KIR2DL3*00101,KIR2DL3*00201,0.376964322072591
34442462696,KIR2DL2*00101,KIR2DL3*00201,0.615728655920284
50026426468,KIR2DL2*00101,KIR2DL2*00301,0.341459221987313
9086519674,KIR2DL3*00101,KIR2DL3*00101,0.919511388046147
16324344884,KIR2DL2*00101,KIR2DL3*00101,0.625307714333382
9272441774,KIR2DL3*00101,KIR2DL3*00101,0.875229111210192
17981238325,KIR2DL3*00101,KIR2DL3*00201,0.758832053386261
9536848247,KIR2DL2*00101,KIR2DL3*00201,0.494003395342301
16087964404,KIR2DL2*00101,KIR2DL3*00101,0.64516615749442
5638787991,KIR2DL3*00101,KIR2DL3*00201,0.860536589766051
25439005436,KIR2DL3*00101,KIR2DL3*00101,0.903558996619055
9758834390,KIR2DL3*00101,KIR2DL3*00101,0.894046542772502
283136890,KIR2DL2*00101,KIR2DL3*00101,0.397198067945712
5178056966,KIR2DL2*00101,KIR2DL2*00301,0.331267684854829
8897518330,KIR2DL3*00201,KIR2DL3*00201,0.777363939951681
50013298973,KIR2DL3*00101,KIR2DL3*00101,0.922744980320747
2861671783,KIR2DL3*00201,KIR2DL3*006,0.617262398586151
9701950722,KIR2DL2*00301,KIR2DL3*00101,0.420915147191648
7895119183,KIR2DL2*00101,KIR2DL2*00301,0.393315731327324
9346971062,KIR2DL3*00101,KIR2DL3*00201,0.631032678554641
9363924842,KIR2DL3*00101,KIR2DL3*00101,0.903084358714709
19606042129,KIR2DL3*00101,KIR2DL3*00101,0.904969091912625
14532572842,KIR2DL3*00101,KIR2DL3*00101,0.92304245680114
8658623487,KIR2DL2*00301,KIR2DL3*00101,0.420755100301565
49753111625,KIR2DL3*00101,KIR2DL3*00101,0.673390241212403
9445068938,KIR2DL2*00101,KIR2DL3*00101,0.582070539204632
18542919230,KIR2DL3*00101,KIR2DL3*00101,0.909063720345734
17490322984,KIR2DL3*00101,KIR2DL3*00201,0.855832903278695
8650063797,KIR2DL3*00101,KIR2DL3*00201,0.605376072110582
13439101867,KIR2DL3*00101,KIR2DL3*00101,0.865130749923417
7594284347,KIR2DL2*00101,KIR2DL3*00101,0.662924768197478
6370118017,KIR2DL2*00101,KIR2DL3*00501,0.391468549847703
5891469051,KIR2DL3*00101,KIR2DL3*00101,0.770388170593235
15929432576,KIR2DL2*00301,KIR2DL3*00101,0.431126243161215
9734419401,KIR2DL3*00101,KIR2DL3*00101,0.907553239682221
9728746674,KIR2DL3*00101,KIR2DL3*00201,0.853000283069677
1181402954,KIR2DL2*00101,KIR2DL3*00201,0.581889711300765
35174037443,KIR2DL2*00301,KIR2DL3*011,0.298299101467153
8603284501,KIR2DL3*00101,KIR2DL3*00101,0.907616352098437
9697555877,KIR2DL2*00101,KIR2DL3*00101,0.645822720904851
8214702721,KIR2DL3*00101,KIR2DL3*00201,0.851340501410343
37290994909,KIR2DL2*00101,KIR2DL3*006,0.279341852112419
25459098260,KIR2DL2*00101,KIR2DL3*00101,0.444976313467269
5278895525,KIR2DL2*00101,KIR2DL3*00101,0.621032548563414
7767778152,KIR2DL3*00101,KIR2DL3*00201,0.528230318333331
34825178549,KIR2DL2*00101,KIR2DL3*00201,0.411923859467837
9712877575,KIR2DL3*00101,KIR2DL3*00201,0.857506462603041
7680720289,KIR2DL2*00301,KIR2DL3*00101,0.480467034345149
8651076718,KIR2DL3*00101,KIR2DL3*00201,0.386912140934838
7710037044,KIR2DL3*00101,KIR2DL3*00101,0.657285829921377
9261626241,KIR2DL3*00101,KIR2DL3*00501,0.732290753323122
14426263956,KIR2DL2*00101,KIR2DL3*00201,0.408403726068795
16848893625,KIR2DL2*00101,KIR2DL3*00101,0.521578249039245
28745916231,KIR2DL3*00101,KIR2DL3*00101,0.886533873710524
2294943752,KIR2DL2*00101,KIR2DL3*00101,0.647990932527215
16467734413,KIR2DL2*00101,KIR2DL2*00301,0.326573589581324
9420960310,KIR2DL2*00301,KIR2DL3*00201,0.380838584814628
15973905429,KIR2DL3*00101,KIR2DL3*00101,0.907592908965557
32470254521,KIR2DL3*00101,KIR2DL3*00201,0.860251451201426
9094825444,KIR2DL2*00101,KIR2DL3*00101,0.59351166410597
16382224912,KIR2DL3*00101,KIR2DL3*00101,0.899990290673983
5147048329,KIR2DL2*00101,KIR2DL2*00301,0.33360309802103
4126687081,KIR2DL2*00301,KIR2DL3*00101,0.439367417393057
9460400756,KIR2DL3*00101,KIR2DL3*00201,0.855389382314159
6509169742,KIR2DL3*00101,KIR2DL3*00101,0.867486946215341
7396858553,KIR2DL3*00101,KIR2DL3*00501,0.723786910846369
30995607775,KIR2DL2*00101,KIR2DL3*00101,0.64278372923343
17245010214,KIR2DL3*00201,KIR2DL3*00201,0.791219973857566
30752350287,KIR2DL3*00101,KIR2DL3*00101,0.910164291228884
5567459387,KIR2DL3*00101,KIR2DL3*00201,0.835555281313388
8322193809,KIR2DL3*00201,KIR2DL3*00501,0.465021320516795
8210615157,KIR2DL3*00101,KIR2DL3*00501,0.351951229547618
16468007654,KIR2DL3*00101,KIR2DL3*00501,0.72992404953352
32600504595,KIR2DL3*00101,KIR2DL3*00201,0.848262327484538
16170655022,KIR2DL2*00101,KIR2DL3*00101,0.497223307754044
9473587132,KIR2DL2*00101,KIR2DL3*00101,0.428399219839181
54617210744,KIR2DL2*00301,KIR2DL3*00101,0.449784028700062
2114174578,KIR2DL2*00101,KIR2DL3*00101,0.527743932355659
36197903895,KIR2DL2*00301,KIR2DL3*00101,0.455182801038136
32642029765,KIR2DL3*00101,KIR2DL3*00201,0.867237842749625
18022260254,KIR2DL2*00101,KIR2DL3*00101,0.428191564416475
19855352304,KIR2DL3*00101,KIR2DL3*00201,0.830132703171639
7817276971,KIR2DL3*00101,KIR2DL3*00201,0.722845914492766
8520723604,KIR2DL3*00101,KIR2DL3*00101,0.211055219717899
32698038511,KIR2DL3*00101,KIR2DL3*00201,0.840233484598157
18210920277,KIR2DL2*00101,KIR2DL3*00101,0.49904435866639
5327464223,KIR2DL3*00101,KIR2DL3*00201,0.847844988351762
7877721042,KIR2DL3*00101,KIR2DL3*00201,0.865252803068106
28762840571,KIR2DL3*00101,KIR2DL3*00201,0.844751331115084
6370274418,KIR2DL3*00101,KIR2DL3*00101,0.857429324720861
5620684210,KIR2DL2*00301,KIR2DL3*00101,0.457944029356972
14840311366,KIR2DL3*00101,KIR2DL3*00201,0.723293972527919
14168540371,KIR2DL3*00201,KIR2DL3*00201,0.80981335099039
8237781869,KIR2DL3*00101,KIR2DL3*00101,0.888147973902906
16467740853,KIR2DL3*00101,KIR2DL3*00201,0.845070458985339
9695978075,KIR2DL3*00101,KIR2DL3*00101,0.880715279887308
16121206803,KIR2DL2*00101,KIR2DL3*00201,0.600977745715737
9402021167,KIR2DL2*00101,KIR2DL2*00301,0.291850700088282
9560050674,KIR2DL3*00101,KIR2DL3*00101,0.904137172231904
18236621428,KIR2DL2*00301,KIR2DL3*00101,0.433088610128827
8631415375,KIR2DL3*00101,KIR2DL3*00101,0.905251299778616
19741631890,KIR2DL2*00101,KIR2DL3*00201,0.323048760112969
8503245423,KIR2DL3*00201,KIR2DL3*009,0.830540539491796
1685075950,KIR2DL3*00101,KIR2DL3*00201,0.855877974922702
25539108914,KIR2DL3*00201,KIR2DL3*00201,0.691960420502524
5417251729,KIR2DL3*00101,KIR2DL3*00201,0.616664348190793
19382459785,KIR2DL2*00101,KIR2DL2*00301,0.281721268919064
28561539733,KIR2DL3*00101,KIR2DL3*00201,0.669056133263425
7826454902,KIR2DL2*00101,KIR2DL3*00101,0.608940721525163
9447539141,KIR2DL3*00101,KIR2DL3*00501,0.637881972010495
7795460065,KIR2DL3*00101,KIR2DL3*00101,0.415010295075259
9447985342,KIR2DL3*00101,KIR2DL3*00201,0.57180770181643
36030533617,KIR2DL3*00101,KIR2DL3*00101,0.878029618255587
32743901485,KIR2DL2*00101,KIR2DL2*00301,0.238360692985061
7275762490,KIR2DL3*00101,KIR2DL3*00201,0.830100544410589
25805167709,KIR2DL3*00201,KIR2DL3*00201,0.823485376988874
8886880357,KIR2DL2*00101,KIR2DL3*00201,0.39120127685198
9036185494,KIR2DL2*00101,KIR2DL3*00101,0.679608083987059
8957057120,KIR2DL2*00101,KIR2DL3*00101,0.380127013013197
9459067675,KIR2DL2*00101,KIR2DL3*00101,0.642293867251851
9347328942,KIR2DL3*00101,KIR2DL3*00101,0.914033877263916
35891583092,KIR2DL2*00101,KIR2DL3*00101,0.515065554560923
9445877619,KIR2DL3*00101,KIR2DL3*00101,0.866416171916911
25745718159,KIR2DL2*00101,KIR2DL3*00101,0.46316984182181
9490930073,KIR2DL3*00101,KIR2DL3*00201,0.800423343344604
16422565120,KIR2DL2*00101,KIR2DL3*00201,0.621974331286114
17862207664,KIR2DL2*00101,KIR2DL3*00101,0.632884772352717
9530877440,KIR2DL2*00301,KIR2DL3*00101,0.459535722596355
9126010720,KIR2DL2*00101,KIR2DL3*00201,0.590955682809516
8841851824,KIR2DL3*00101,KIR2DL3*00101,0.890388701632022
33771886782,KIR2DL2*00101,KIR2DL3*00101,0.675844707956245
45385922574,KIR2DL2*00101,KIR2DL2*00101,0.463501405906972
15693447697,KIR2DL3*00101,KIR2DL3*00101,0.911016810888474
14877651451,KIR2DL3*00101,KIR2DL3*00101,0.858735372789932
38222570532,KIR2DL3*00101,KIR2DL3*00101,0.917878722091056
7778813565,KIR2DL3*00101,KIR2DL3*00201,0.239043919408142
619879369,KIR2DL2*00101,KIR2DL3*00101,0.40923190728745
7399280916,KIR2DL2*00101,KIR2DL3*00101,0.550413953792713
9753445943,KIR2DL3*00101,KIR2DL3*00101,0.916909515827407
19295636522,KIR2DL3*00101,KIR2DL3*00101,0.924875728333128
6332416373,KIR2DL3*00101,KIR2DL3*00501,0.744521278116533
2856340377,KIR2DL3*00101,KIR2DL3*00101,0.90986674486501
8634191938,KIR2DL3*00101,KIR2DL3*00101,0.892664336979131
15801405224,KIR2DL2*00602,KIR2DL3*00101,0.490864872792101
32684317615,KIR2DL3*00101,KIR2DL3*00101,0.849840701268243
16391188483,KIR2DL3*00201,KIR2DL3*00501,0.702557585850072
8167837866,KIR2DL3*00101,KIR2DL3*00101,0.915060141588073
6308799945,KIR2DL2*00101,KIR2DL3*00201,0.433309255035544
35374239800,KIR2DL2*00101,KIR2DL3*00101,0.617784478132116
13562708614,KIR2DL2*00101,KIR2DL3*00201,0.600812449157899
7782826610,KIR2DL3*00101,KIR2DL3*00101,0.918804871097617
9726441151,KIR2DL3*00101,KIR2DL3*00201,0.852468336581003
14227713001,KIR2DL2*00101,KIR2DL3*00101,0.510459900897414
7770405675,KIR2DL3*00101,KIR2DL3*00101,0.843109812898167
8991207561,KIR2DL3*00101,KIR2DL3*00101,0.905251299778616
9573089850,KIR2DL3*00101,KIR2DL3*00101,0.890849815551451
19435588007,KIR2DL2*00101,KIR2DL3*00101,0.613236572262648
9725729071,KIR2DL3*00101,KIR2DL3*00201,0.266963270668843
31155855405,KIR2DL2*00101,KIR2DL3*00101,0.488723713549836
14583442462,KIR2DL3*00101,KIR2DL3*00101,0.881327747416365
14886844102,KIR2DL3*00201,KIR2DL3*00201,0.795593242671869
9696476716,KIR2DL2*00101,KIR2DL3*00101,0.582843619952688
9432305763,KIR2DL3*00101,KIR2DL3*00201,0.863130726697453
16080903395,KIR2DL2*00101,KIR2DL2*00301,0.317246544245542
9752412782,KIR2DL3*00101,KIR2DL3*00201,0.815991072891631
1591272639,KIR2DL2*00101,KIR2DL3*00101,0.636127966851458
5145488007,KIR2DL2*00101,KIR2DL3*009,0.466243644720987
8911548346,KIR2DL3*00201,KIR2DL3*00201,0.78787762132225
8201521866,KIR2DL3*00101,KIR2DL3*00101,0.911647181474416
9153365113,KIR2DL3*00101,KIR2DL3*00501,0.232755938857662
16056697247,KIR2DL2*00301,KIR2DL3*00101,0.425896703888678
17342653609,KIR2DL3*00101,KIR2DL3*00101,0.906933782565413
9167249769,KIR2DL3*00101,KIR2DL3*00101,0.844010350703017
9136391093,KIR2DL2*00301,KIR2DL3*00101,0.449978868049349
3043982879,KIR2DL3*00101,KIR2DL3*00101,0.812757597344303
6360928126,KIR2DL3*00101,KIR2DL3*00101,0.152847574336226
7946389924,KIR2DL2*00101,KIR2DL3*00501,0.383233645195889
9552775306,KIR2DL3*00101,KIR2DL3*00101,0.859511985982187
16498142289,KIR2DL3*00101,KIR2DL3*00101,0.906040507132411
9590187150,KIR2DL2*00101,KIR2DL2*00301,0.337556380538765
7409150688,KIR2DL2*00101,KIR2DL2*00101,0.491279412058262
8496047335,KIR2DL2*00101,KIR2DL3*00101,0.475905632886848
36137516863,KIR2DL2*00301,KIR2DL3*00201,0.388349835415277
18341760072,KIR2DL2*00101,KIR2DL3*00101,0.648633460414234
16397619290,KIR2DL2*00301,KIR2DL3*00101,0.455182801038136
32905912757,KIR2DL3*00101,KIR2DL3*00201,0.822810776574732
18485332682,KIR2DL3*00101,KIR2DL3*00201,0.85186192463544
5989428927,KIR2DL2*00101,KIR2DL3*00501,0.464173532176415
16481336629,KIR2DL2*00101,KIR2DL3*00201,0.506092526005953
2808879361,KIR2DL3*00101,KIR2DL3*00201,0.816162909436317
35069510599,KIR2DL2*00101,KIR2DL2*00301,0.300227234487251
36240328825,KIR2DL3*00101,KIR2DL3*00201,0.821099356628288
30920180566,KIR2DL3*00101,KIR2DL3*00501,0.67363680175806
9022540038,KIR2DL3*00101,KIR2DL3*00101,0.915707817766885
6574815500,KIR2DL3*00101,KIR2DL3*00201,0.847249566466542
31340600824,KIR2DL2*00101,KIR2DL2*00101,0.321852951295019
5522965374,KIR2DL2*00101,KIR2DL3*00201,0.396573993841918
31091051448,KIR2DL2*00101,KIR2DL2*00101,0.316857228244527
5561055259,KIR2DL3*00101,KIR2DL3*00101,0.90927294596508
9125174439,KIR2DL3*00101,KIR2DL3*00101,0.881207245680418
9411602979,KIR2DL2*00602,KIR2DL3*00101,0.462586527620282
7831841508,KIR2DL3*00101,KIR2DL3*00501,0.718351259253167
3279236358,KIR2DL3*00101,KIR2DL3*00201,0.854058012284743
5563773863,KIR2DL2*00101,KIR2DL3*00101,0.470420046848048
8589570965,KIR2DL3*00101,KIR2DL3*00101,0.917379761999193
8654638962,KIR2DL2*00101,KIR2DL3*00101,0.543674000310645
16498096289,KIR2DL3*00101,KIR2DL3*00501,0.592771236743184
9444744178,KIR2DL3*00101,KIR2DL3*006,0.52619307221435
8630811854,KIR2DL2*00301,KIR2DL3*00201,0.460638026837094
7265876158,KIR2DL3*00101,KIR2DL3*00101,0.86130406293763
15684923886,KIR2DL2*00301,KIR2DL3*00201,0.390083192573394
9660397033,KIR2DL2*00101,KIR2DL3*00101,0.419238221240599
51517798834,KIR2DL3*00101,KIR2DL3*00201,0.584993191969831
49884437180,KIR2DL2*00101,KIR2DL2*00301,0.374658921970838
34551515025,KIR2DL3*00101,KIR2DL3*00201,0.846803509543005
28622082245,KIR2DL3*00101,KIR2DL3*00101,0.913120919595092
28411632916,KIR2DL2*00101,KIR2DL2*00301,0.334488993904699
36776637020,KIR2DL2*00101,KIR2DL3*00101,0.426824747257753
8908927263,KIR2DL2*00101,KIR2DL2*00301,0.300227234487251
19501182245,KIR2DL3*00101,KIR2DL3*00101,0.663763325605722
14619767785,KIR2DL2*00101,KIR2DL3*00101,0.449542088904838
6629566605,KIR2DL3*00101,KIR2DL3*00101,0.904460432865708
25724564574,KIR2DL3*00101,KIR2DL3*00201,0.837753844529232
32607984204,KIR2DL3*00101,KIR2DL3*00201,0.825556610643934
8654285682,KIR2DL3*00101,KIR2DL3*00101,0.903802708582261
13919806117,KIR2DL2*00101,KIR2DL3*00501,0.527551203647658
17003313968,KIR2DL3*00201,KIR2DL3*00501,0.597717744901664
14081560708,KIR2DL3*00101,KIR2DL3*00101,0.905915303088832
17345951813,KIR2DL2*00301,KIR2DL3*00201,0.39446677422343
16881497543,KIR2DL2*00101,KIR2DL2*00301,0.446123708737714
9138393015,KIR2DL2*00101,KIR2DL3*00101,0.589359646187183
9603325686,KIR2DL3*00201,KIR2DL3*009,0.508743696679885
9430228401,KIR2DL3*00201,KIR2DL3*00201,0.824799074421449
16751576829,KIR2DL2*00101,KIR2DL3*00201,0.427319083417586
13411855115,KIR2DL2*00101,KIR2DL3*00101,0.553735644598872
33518155082,KIR2DL3*00101,KIR2DL3*00201,0.821114709436703
8795588649,KIR2DL2*00101,KIR2DL3*00201,0.418223746815177
5877253194,KIR2DL2*00101,KIR2DL3*00101,0.416424056912416
2469553519,KIR2DL2*00101,KIR2DL3*00101,0.507692780684771
16498102729,KIR2DL2*00101,KIR2DL2*00301,0.444249581775625
2925517099,KIR2DL2*00101,KIR2DL3*00101,0.675133649812966
30950363961,KIR2DL2*00101,KIR2DL2*00602,0.351395126533896
16498369530,KIR2DL3*00101,KIR2DL3*00201,0.701474763888482
31280719793,KIR2DL3*00101,KIR2DL3*00101,0.902848618836573
9531583081,KIR2DL2*00101,KIR2DL3*00201,0.42482678186886
34551983306,KIR2DL2*00101,KIR2DL2*00301,0.324671363490859
13526387891,KIR2DL2*00101,KIR2DL3*00101,0.642638713917092
9526514795,KIR2DL2*00101,KIR2DL3*00101,0.427970210289621
1815970945,KIR2DL2*00101,KIR2DL3*00101,0.45734344738746
7569068957,KIR2DL3*00201,KIR2DL3*009,0.848039846085986
8384140242,KIR2DL2*00101,KIR2DL3*00101,0.593276475768216
8988304957,KIR2DL2*00101,KIR2DL3*00101,0.335113466968927
8656422844,KIR2DL3*00101,KIR2DL3*00101,0.910874360005864
16992431275,KIR2DL3*00101,KIR2DL3*00101,0.661511797224882
19295458042,KIR2DL3*00101,KIR2DL3*00101,0.904722469672018
17789070338,KIR2DL3*00101,KIR2DL3*00101,0.871530406890767
30950575562,KIR2DL3*00101,KIR2DL3*00101,0.908283455291311
19822690426,KIR2DL3*00101,KIR2DL3*00101,0.884085907973671
28745884951,KIR2DL3*00101,KIR2DL3*00101,0.875526571449807
2905659795,KIR2DL3*00101,KIR2DL3*00101,0.886308905235189
7944638242,KIR2DL3*00101,KIR2DL3*00201,0.828326917097939
17209159611,KIR2DL3*00101,KIR2DL3*00101,0.867351089199125
15880670678,KIR2DL2*00101,KIR2DL3*00201,0.606821660484722
9096841166,KIR2DL3*00101,KIR2DL3*00101,0.904346633968352
8577393831,KIR2DL2*00101,KIR2DL2*00301,0.165507652286953
25483441488,KIR2DL3*00201,KIR2DL3*00201,0.816491282213878
31203894182,KIR2DL2*00101,KIR2DL3*00201,0.417346544491398
14059283802,KIR2DL3*00101,KIR2DL3*00101,0.907813952148787
32882967930,KIR2DL2*00101,KIR2DL3*00101,0.425818023900563
33260546497,KIR2DL2*00101,KIR2DL3*00501,0.370790484520098
9437868090,KIR2DL3*00201,KIR2DL3*00201,0.815344654633194
18186683769,KIR2DL3*00101,KIR2DL3*00201,0.866352378418994
25521499173,KIR2DL3*00101,KIR2DL3*00201,0.801294256649301
34981555735,KIR2DL2*00101,KIR2DL3*00101,0.61821637456615
19981017093,KIR2DL3*00101,KIR2DL3*00101,0.882667857027651
8209451355,KIR2DL3*00101,KIR2DL3*00101,0.358702540010049
1246461751,KIR2DL3*00101,KIR2DL3*00501,0.668662956449151
9586946906,KIR2DL3*00101,KIR2DL3*00101,0.907222456794178
6246636391,KIR2DL3*00101,KIR2DL3*00101,0.90282535686533
5251832773,KIR2DL2*00101,KIR2DL2*00101,0.408405356332695
8315259760,KIR2DL2*00301,KIR2DL3*00101,0.459852006952685
32324878709,KIR2DL3*00501,KIR2DL3*00501,0.710748898307514
5404919114,KIR2DL3*00101,KIR2DL3*00101,0.920462985075772
9192519439,KIR2DL3*00101,KIR2DL3*00101,0.878283621179034
33105165673,KIR2DL3*00101,KIR2DL3*00101,0.66043844503289
2461018669,KIR2DL3*00101,KIR2DL3*00101,0.870389768410189
1276133626,KIR2DL3*00101,KIR2DL3*00201,0.233330329232046
9627473874,KIR2DL3*00201,KIR2DL3*00201,0.820505445157299
25624653376,KIR2DL2*00101,KIR2DL3*00101,0.52622267500592
9350674066,KIR2DL3*00101,KIR2DL3*00201,0.835878844464415
8788034520,KIR2DL2*00101,KIR2DL3*00201,0.355659524669297
32505117962,KIR2DL3*00101,KIR2DL3*00101,0.855650899571549
19527349836,KIR2DL3*00101,KIR2DL3*00201,0.832679067791818
9472055330,KIR2DL3*00101,KIR2DL3*00101,0.915024710917995
2262590074,KIR2DL3*00101,KIR2DL3*00101,0.737440443969637
35855095849,KIR2DL3*00101,KIR2DL3*00101,0.87242987363228
7605034560,KIR2DL3*00101,KIR2DL3*00101,0.903491638718059
16404557019,KIR2DL2*00101,KIR2DL2*00301,0.458978251755555
8795250089,KIR2DL3*00101,KIR2DL3*00101,0.906224227816237
9529181878,KIR2DL2*00301,KIR2DL3*00201,0.444539559431549
18520524564,KIR2DL3*00101,KIR2DL3*00101,0.618810466868876
30623123254,KIR2DL3*00101,KIR2DL3*00201,0.852451242498906
3183981285,KIR2DL3*00101,KIR2DL3*006,0.67466841012564
33892939606,KIR2DL2*00301,KIR2DL3*00101,0.412596196444681
14031267008,KIR2DL2*00101,KIR2DL3*00101,0.653149617541528
15732920343,KIR2DL2*00101,KIR2DL2*00301,0.442457647994654
9252095030,KIR2DL3*00101,KIR2DL3*00101,0.671205439459569
5623006293,KIR2DL2*00301,KIR2DL3*00101,0.450444292402531
9267186728,KIR2DL2*00101,KIR2DL3*00101,0.534313388891233
51406424422,KIR2DL3*00101,KIR2DL3*00101,0.862901481548685
28465041739,KIR2DL3*00101,KIR2DL3*00101,0.910747255095586
2685127254,KIR2DL2*00101,KIR2DL3*00101,0.457709183596594
8965818291,KIR2DL2*00101,KIR2DL3*00101,0.483881562293458
14299741726,KIR2DL3*00201,KIR2DL3*00501,0.702557585850072
18736714700,KIR2DL3*00101,KIR2DL3*00101,0.89804360031663
6728158521,KIR2DL2*00101,KIR2DL3*00101,0.610238368513622
7456968664,KIR2DL2*00101,KIR2DL3*00201,0.413611972603101
3187287769,KIR2DL3*00101,KIR2DL3*00101,0.675404041682402
9675758291,KIR2DL2*00101,KIR2DL3*00101,0.635084066025799
13728809290,KIR2DL2*00101,KIR2DL3*00201,0.35309718907535
25482453407,KIR2DL3*00101,KIR2DL3*00101,0.907405290800244
34560310236,KIR2DL3*00101,KIR2DL3*00101,0.917926059067267
9728906754,KIR2DL2*00101,KIR2DL2*00301,0.335766773654885
30919523685,KIR2DL3*00101,KIR2DL3*00201,0.588360594215897
6289551682,KIR2DL3*00101,KIR2DL3*00201,0.825493499295013
3641470226,KIR2DL3*00101,KIR2DL3*00101,0.909964740508905
50105629362,KIR2DL3*00101,KIR2DL3*00201,0.857123139131189
19806193886,KIR2DL2*00101,KIR2DL3*00201,0.592660337102564
6510942584,KIR2DL2*00101,KIR2DL3*00101,0.638175322529553
9732183798,KIR2DL3*00101,KIR2DL3*00101,0.910866329496635
32918992412,KIR2DL3*00101,KIR2DL3*009,0.926122620802668
13361878816,KIR2DL2*00101,KIR2DL3*00101,0.246391760382204
31982732144,KIR2DL2*00101,KIR2DL3*00101,0.628425312654579
16736199931,KIR2DL3*00101,KIR2DL3*00101,0.905026248687498
5397765186,KIR2DL2*00101,KIR2DL3*00101,0.493135784800817
9095775805,KIR2DL3*00101,KIR2DL3*009,0.891880622710794
15672200271,KIR2DL2*00101,KIR2DL3*00101,0.609171352050286
6247300632,KIR2DL2*00101,KIR2DL3*00101,0.370472990800264
1765074645,KIR2DL3*00101,KIR2DL3*00201,0.829044011543445
16063720535,KIR2DL2*00301,KIR2DL3*00101,0.40660070703633
14728743754,KIR2DL3*00101,KIR2DL3*006,0.62090785269256
31973432773,KIR2DL3*00101,KIR2DL3*00101,0.904533797967587
2332095236,KIR2DL3*00101,KIR2DL3*00101,0.905251983019492
9711662254,KIR2DL3*00101,KIR2DL3*00201,0.830100544410589
9574897652,KIR2DL3*00101,KIR2DL3*00101,0.910866329496635
16837729411,KIR2DL3*00101,KIR2DL3*00101,0.9077712440901
28573363587,KIR2DL3*00101,KIR2DL3*00201,0.81601496645372
30920187926,KIR2DL2*00101,KIR2DL3*00101,0.285088591147021
36317612597,KIR2DL2*00301,KIR2DL3*00101,0.411513603824404
9230484204,KIR2DL3*00101,KIR2DL3*00501,0.723822578558986
8150499525,KIR2DL2*00101,KIR2DL3*00101,0.656329837384691
1416522112,KIR2DL2*00101,KIR2DL3*00101,0.471704851944938
17959466500,KIR2DL3*00101,KIR2DL3*00101,0.901151100165954
16445965348,KIR2DL3*00101,KIR2DL3*00201,0.86556131986263
33451972044,KIR2DL2*00101,KIR2DL3*00101,0.663201279727755
9501006844,KIR2DL3*00101,KIR2DL3*00201,0.852825725406994
7584433895,KIR2DL2*00101,KIR2DL3*00201,0.405812666137729
9591894672,KIR2DL3*00101,KIR2DL3*006,0.36345339256863
35094734269,KIR2DL3*00101,KIR2DL3*00101,0.873295194423365
32928553064,KIR2DL2*00101,KIR2DL2*00301,0.370870794129823
17215641939,KIR2DL2*00101,KIR2DL2*00301,0.428324004748063
8916112472,KIR2DL3*00101,KIR2DL3*00101,0.914590584303975
13693216288,KIR2DL2*00101,KIR2DL2*00301,0.43284829756247
8703831421,KIR2DL3*00101,KIR2DL3*00101,0.885652096729729
9557242831,KIR2DL3*00101,KIR2DL3*00201,0.826397415936595
25757562253,KIR2DL3*00101,KIR2DL3*00101,0.90833635661849
9739809687,KIR2DL2*00101,KIR2DL3*00101,0.655250708408674
16178930431,KIR2DL2*00101,KIR2DL2*00301,0.392690291162834
28752003879,KIR2DL3*00101,KIR2DL3*00101,0.924965399216452
18856377402,KIR2DL3*00101,KIR2DL3*00501,0.731559458668657
8273209271,KIR2DL3*00101,KIR2DL3*00101,0.917354585618792
18260754896,KIR2DL2*00101,KIR2DL3*00501,0.529403503357303
8636621661,KIR2DL2*00101,KIR2DL3*00101,0.363172060005329
8012566522,KIR2DL3*00101,KIR2DL3*00201,0.871682680975059
28708635027,KIR2DL3*00101,KIR2DL3*00101,0.90656658526523
9292815198,KIR2DL2*00101,KIR2DL2*00301,0.321841201585855
34605378329,KIR2DL3*00101,KIR2DL3*00101,0.905165946018603
4035887573,KIR2DL3*00101,KIR2DL3*00201,0.728411355159446
17003160327,KIR2DL3*00101,KIR2DL3*009,0.562000978733939
9294903600,KIR2DL2*00101,KIR2DL3*00101,0.608940721525163
2813205206,KIR2DL2*00301,KIR2DL3*00101,0.434623527790256
7799928510,KIR2DL2*00101,KIR2DL3*00101,0.451140244092846
28479743356,KIR2DL2*00101,KIR2DL3*00101,0.503333215083641
18493189492,KIR2DL2*00301,KIR2DL3*00101,0.373399277013266
5262001545,KIR2DL2*00101,KIR2DL2*00301,0.443824652397049
5500575308,KIR2DL3*00101,KIR2DL3*00201,0.801340682579605
9447053381,KIR2DL2*00101,KIR2DL3*00201,0.421486390156736
9350601386,KIR2DL2*00101,KIR2DL3*00201,0.419852886730282
9226327639,KIR2DL2*00301,KIR2DL3*00501,0.361045236834814
18381969640,KIR2DL3*00101,KIR2DL3*00201,0.864376600568724
6675135178,KIR2DL3*00101,KIR2DL3*00101,0.923566422098596
32243212972,KIR2DL2*00101,KIR2DL3*00101,0.457132900029689
9513655019,KIR2DL2*00101,KIR2DL3*00201,0.432450563798044
9592945313,KIR2DL3*00101,KIR2DL3*00101,0.905216347419105
25727273057,KIR2DL3*00101,KIR2DL3*00101,0.908008935936972
9735751562,KIR2DL3*00101,KIR2DL3*00201,0.755457887779454
9499321402,KIR2DL3*00101,KIR2DL3*00501,0.696538533078227
33873194542,KIR2DL3*00101,KIR2DL3*00201,0.844910864513279
16556078438,KIR2DL3*00101,KIR2DL3*00201,0.529109967932556
16422498880,KIR2DL2*00101,KIR2DL2*00101,0.471382235142347
8134739907,KIR2DL2*00101,KIR2DL3*00101,0.433396882627936
30620069770,KIR2DL3*00101,KIR2DL3*00101,0.8808355281232
5383210769,KIR2DL3*00101,KIR2DL3*00201,0.852138715243048
30667517907,KIR2DL3*00101,KIR2DL3*00101,0.897841737596033
34117115351,KIR2DL3*00101,KIR2DL3*006,0.566264449210577
8893277125,KIR2DL3*00101,KIR2DL3*00201,0.596365531854375
6627085362,KIR2DL3*00101,KIR2DL3*00201,0.821508096117555
7946778164,KIR2DL2*00101,KIR2DL3*00101,0.607852867079389
9724913030,KIR2DL2*00101,KIR2DL3*00101,0.612655338184216
18845602349,KIR2DL3*00101,KIR2DL3*00101,0.911795423993958
9624872111,KIR2DL2*00602,KIR2DL3*00101,0.513965229136927
5652202527,KIR2DL2*00101,KIR2DL3*00101,0.579979784027822
9120993954,KIR2DL3*00101,KIR2DL3*00501,0.728099620974964
16248558874,KIR2DL3*00101,KIR2DL3*00101,0.884796757482781
9453629548,KIR2DL2*00101,KIR2DL2*00301,0.383991149236668
9743336051,KIR2DL2*00101,KIR2DL3*00101,0.560084736066725
16906129652,KIR2DL2*00301,KIR2DL3*00101,0.439735437019642
9714361537,KIR2DL3*00101,KIR2DL3*00201,0.872997336088988
7634873875,KIR2DL3*00101,KIR2DL3*00101,0.911240308040903
33750934677,KIR2DL3*00101,KIR2DL3*00201,0.853733450039671
33490173249,KIR2DL2*00301,KIR2DL3*00101,0.504084599852144
7730487748,KIR2DL3*00101,KIR2DL3*00101,0.890531673717701
8444569594,KIR2DL3*00101,KIR2DL3*00101,0.901240743769323
17966337068,KIR2DL2*00301,KIR2DL3*00101,0.446917214685718
227499824,KIR2DL3*00101,KIR2DL3*00201,0.82997848031832
9087141594,KIR2DL2*00301,KIR2DL2*00301,0.32051469945034
37584596697,KIR2DL2*00301,KIR2DL3*00201,0.309995237111518
3977181384,KIR2DL3*00101,KIR2DL3*00201,0.858776712174787
7952428811,KIR2DL2*00101,KIR2DL2*00301,0.332328825547362
34568048365,KIR2DL2*00101,KIR2DL3*00101,0.484833452258196
8517389520,KIR2DL3*00101,KIR2DL3*00101,0.916971143401858
19972679123,KIR2DL3*00101,KIR2DL3*00201,0.855073054073735
19334310608,KIR2DL3*00101,KIR2DL3*00101,0.912592476163348
31316768195,KIR2DL3*00101,KIR2DL3*00101,0.920928938438584
5519847491,KIR2DL3*00101,KIR2DL3*00201,0.743838727424549
9568270884,KIR2DL2*00101,KIR2DL3*00101,0.293659956264335
16391179283,KIR2DL3*00101,KIR2DL3*00201,0.849083315714551
30817822165,KIR2DL3*00101,KIR2DL3*00101,0.871660052243266
33469977385,KIR2DL2*00101,KIR2DL3*00201,0.568967679451721
8248958042,KIR2DL3*00101,KIR2DL3*00201,0.825727977674506
30802617307,KIR2DL3*00101,KIR2DL3*00101,0.868825802004792
14674392850,KIR2DL2*00301,KIR2DL3*00201,0.424967153706729
14900207117,KIR2DL3*00101,KIR2DL3*00101,0.669832107790017
5090665142,KIR2DL3*00101,KIR2DL3*00101,0.735542307052441
17457093465,KIR2DL3*00101,KIR2DL3*00101,0.916562142767322
8230413580,KIR2DL2*00101,KIR2DL3*00201,0.394493837252546
14202037611,KIR2DL3*00101,KIR2DL3*00501,0.716539868841694
2707236720,KIR2DL3*00101,KIR2DL3*00101,0.922948650468179
9596807478,KIR2DL2*00301,KIR2DL3*00201,0.441034791240299
15729557739,KIR2DL2*00101,KIR2DL2*00101,0.491258969428219
9417235225,KIR2DL2*00101,KIR2DL3*00201,0.429658255956006
33696159653,KIR2DL3*00101,KIR2DL3*00101,0.746286732749684
7860658702,KIR2DL2*00101,KIR2DL3*00201,0.415796293049878
9687740386,KIR2DL2*00301,KIR2DL3*00501,0.393889574622223
8656973925,KIR2DL3*00101,KIR2DL3*00501,0.630806470179091
31992037955,KIR2DL2*00101,KIR2DL3*00101,0.470965805754985
30984277962,KIR2DL2*00101,KIR2DL3*00201,0.331592788214338
6278120668,KIR2DL3*00101,KIR2DL3*00201,0.859211119478648
16031648377,KIR2DL2*00101,KIR2DL3*00101,0.591451221206069
8245003877,KIR2DL2*00101,KIR2DL3*00201,0.48749744932073
17323629827,KIR2DL2*00301,KIR2DL3*00101,0.455182801038136
9352528789,KIR2DL23*0000,KIR2DL3*00101,0.233604216810165
6679409504,KIR2DL3*00201,KIR2DL3*00201,0.814788935998682
30470259553,KIR2DL2*00101,KIR2DL3*00201,0.620633933761169
7918519411,KIR2DL3*00101,KIR2DL3*00201,0.248892018867598
9485085306,KIR2DL3*00101,KIR2DL3*00101,0.915517546893124
9216661188,KIR2DL3*00101,KIR2DL3*00101,0.913720805145674
13417884802,KIR2DL2*00101,KIR2DL3*00101,0.48449125260267
7782258969,KIR2DL2*00301,KIR2DL3*00201,0.280971977193595
33064379265,KIR2DL3*00101,KIR2DL3*00101,0.90986674486501
17966930468,KIR2DL3*00101,KIR2DL3*00201,0.580562451831562
8320028126,KIR2DL2*00101,KIR2DL3*00201,0.355452282392162
8788673921,KIR2DL3*00101,KIR2DL3*00101,0.893564860209051
7580019730,KIR2DL2*00301,KIR2DL3*00201,0.477021558766776
7278379893,KIR2DL3*00101,KIR2DL3*00201,0.829373275080439
2794427984,KIR2DL2*00101,KIR2DL3*00501,0.499388997987128
5865861740,KIR2DL2*00101,KIR2DL3*00101,0.364523392117642
7629548909,KIR2DL3*00201,KIR2DL3*00501,0.692028402941794
13649806037,KIR2DL2*00101,KIR2DL3*00101,0.621788795080466
16358300284,KIR2DL2*00101,KIR2DL3*00101,0.59401749531064
34019908036,KIR2DL2*00301,KIR2DL3*00201,0.404853754937818
6534985893,KIR2DL3*00101,KIR2DL3*00201,0.852701302316686
36220889202,KIR2DL3*00101,KIR2DL3*00501,0.735690095130328
13458163370,KIR2DL3*00101,KIR2DL3*00101,0.189556562683969
9692239191,KIR2DL2*00101,KIR2DL3*00101,0.543801874776995
9213832184,KIR2DL3*00201,KIR2DL3*00201,0.54973028900123
8010007999,KIR2DL3*00101,KIR2DL3*00201,0.848935327476756
1869665889,KIR2DL3*00101,KIR2DL3*00201,0.855537279010318
8344437595,KIR2DL3*00101,KIR2DL3*00501,0.698111773860572
17795532426,KIR2DL2*00301,KIR2DL3*00101,0.393143788868427
16511152025,KIR2DL2*00101,KIR2DL3*00101,0.55029123359683
4144846062,KIR2DL2*00101,KIR2DL3*00101,0.40658514166971
9381613703,KIR2DL3*00101,KIR2DL3*00101,0.903192262910861
9618981344,KIR2DL3*00101,KIR2DL3*00501,0.732290753323122
9432773124,KIR2DL3*00101,KIR2DL3*00101,0.906901313298877
9733775400,KIR2DL3*00101,KIR2DL3*00101,0.905691953114001
33443485953,KIR2DL2*00101,KIR2DL3*00201,0.358863840176784
33662624693,KIR2DL2*00301,KIR2DL3*00101,0.456074312531898
33443419713,KIR2DL2*00101,KIR2DL2*00301,0.344227807080847
9436110888,KIR2DL3*00101,KIR2DL3*00201,0.585569802280037
14174466098,KIR2DL2*00101,KIR2DL3*00101,0.579806239627044
9477762097,KIR2DL3*00101,KIR2DL3*009,0.880731608960837
28671678583,KIR2DL3*00101,KIR2DL3*00101,0.632697321906288
28628250852,KIR2DL2*00101,KIR2DL3*00101,0.319788288567369
7947658605,KIR2DL2*00101,KIR2DL2*00301,0.292106882213632
9721098705,KIR2DL2*00101,KIR2DL3*00101,0.633896801791834
9324669316,KIR2DL2*00602,KIR2DL3*00501,0.374025243373084
14432099523,KIR2DL2*00101,KIR2DL3*00101,0.46157537581498
7794531784,KIR2DL3*00201,KIR2DL3*006,0.438279666047949
1287956560,KIR2DL3*00101,KIR2DL3*00201,0.834930048766808
18416690481,KIR2DL3*00101,KIR2DL3*00501,0.732376942045897
17980917245,KIR2DL2*00101,KIR2DL3*00201,0.429662252322268
16452713556,KIR2DL3*00101,KIR2DL3*00501,0.732735581601289
17016570263,KIR2DL2*00301,KIR2DL3*00101,0.420307737926867
3596893414,KIR2DL3*00101,KIR2DL3*006,0.569552495956929
6243598548,KIR2DL2*00101,KIR2DL2*00101,0.424334946011454
31100762060,KIR2DL3*00101,KIR2DL3*00101,0.9241511030124
19500994565,KIR2DL2*00101,KIR2DL3*00101,0.458164234433649
9515646822,KIR2DL3*00101,KIR2DL3*00201,0.817634303489513
8910883186,KIR2DL2*00101,KIR2DL3*00201,0.590428367241498
9735176562,KIR2DL2*00101,KIR2DL3*00101,0.640773717779768
19366503286,KIR2DL2*00301,KIR2DL3*00101,0.451624252643946
8555847405,KIR2DL3*00101,KIR2DL3*00101,0.922410539528547
7705920959,KIR2DL3*00101,KIR2DL3*006,0.592407513832174
7955456534,KIR2DL2*00101,KIR2DL2*00301,0.326573589581324
8267891664,KIR2DL2*00101,KIR2DL2*00602,0.257921242120481
31939081772,KIR2DL3*00101,KIR2DL3*00101,0.918432011485746
8899751173,KIR2DL3*00101,KIR2DL3*00201,0.853184314694612
8913317509,KIR2DL3*00101,KIR2DL3*00101,0.897386754465761
18831115092,KIR2DL3*00101,KIR2DL3*00201,0.62328550646535
31254330481,KIR2DL3*00101,KIR2DL3*00201,0.785707682462597
28507006668,KIR2DL3*00101,KIR2DL3*00501,0.732290753323122
9510445136,KIR2DL2*00301,KIR2DL3*00201,0.408254698087353
19989322863,KIR2DL3*00101,KIR2DL3*00201,0.831204762770648
16057031207,KIR2DL2*00101,KIR2DL3*00201,0.607089033809024
9436633448,KIR2DL3*00101,KIR2DL3*00101,0.90442385892574
18374176311,KIR2DL2*00101,KIR2DL3*00101,0.536951081591868
17715576971,KIR2DL3*00101,KIR2DL3*00101,0.907071495473729
36307717985,KIR2DL3*00101,KIR2DL3*00101,0.906711281082797
25623942215,KIR2DL2*00101,KIR2DL3*00101,0.616936280467713
8856938002,KIR2DL3*00101,KIR2DL3*00101,0.919177616104431
8923797241,KIR2DL3*00101,KIR2DL3*00201,0.835878844464415
14425975996,KIR2DL2*00101,KIR2DL3*00101,0.462694218944748
8326763454,KIR2DL3*00101,KIR2DL3*00101,0.902853642007642
14446164500,KIR2DL3*00101,KIR2DL3*00201,0.831291709220955
16542700702,KIR2DL3*00201,KIR2DL3*00201,0.820486491393098
18809225506,KIR2DL3*00101,KIR2DL3*00101,0.865690950099733
8666000056,KIR2DL2*00101,KIR2DL3*00101,0.411342623326842
9737831685,KIR2DL2*00101,KIR2DL3*00101,0.493520408646363
7516414535,KIR2DL2*00101,KIR2DL2*00301,0.32504222968643
386924973,KIR2DL3*00101,KIR2DL3*00501,0.433200679713425
33413476438,KIR2DL2*00101,KIR2DL3*00201,0.606821660484722
5475025957,KIR2DL3*00101,KIR2DL3*00101,0.187236929095755
31100395899,KIR2DL3*00101,KIR2DL3*00101,0.89804360031663
9530309799,KIR2DL3*00201,KIR2DL3*00201,0.821681954712322
16422149279,KIR2DL3*00101,KIR2DL3*00101,0.911562770451114
16422662640,KIR2DL2*00301,KIR2DL3*00101,0.422793630999252
8412927076,KIR2DL3*00101,KIR2DL3*01202,0.372936425882047
13912012787,KIR2DL3*00101,KIR2DL3*009,0.91914520513079
7654687938,KIR2DL2*00101,KIR2DL2*00301,0.406573222869157
8972040258,KIR2DL3*00101,KIR2DL3*00101,0.916888787959419
16814183824,KIR2DL2*00101,KIR2DL3*00101,0.3620750831193
29916130017,KIR2DL3*00101,KIR2DL3*00101,0.906901313298877
9594815676,KIR2DL3*00101,KIR2DL3*00101,0.915032630697455
5334672431,KIR2DL3*00101,KIR2DL3*00201,0.868157943409464
18382122360,KIR2DL3*00101,KIR2DL3*00101,0.905192960797925
9723359148,KIR2DL2*00101,KIR2DL3*00201,0.413618994851261
16390908802,KIR2DL2*00301,KIR2DL3*00201,0.410645506673192
19819750102,KIR2DL2*00101,KIR2DL3*00201,0.574019167617925
17836529514,KIR2DL2*00101,KIR2DL3*00501,0.526942258324694
14544368176,KIR2DL3*00101,KIR2DL3*00201,0.841251171797235
9302542369,KIR2DL2*00101,KIR2DL3*00101,0.601382888118454
6243059427,KIR2DL3*00101,KIR2DL3*00101,0.911240524426269
8446874196,KIR2DL3*00101,KIR2DL3*00101,0.752542499640941
31308948186,KIR2DL3*00101,KIR2DL3*00101,0.928963720144057
34541781414,KIR2DL2*00301,KIR2DL3*00201,0.383650302324386
35264413750,KIR2DL3*00101,KIR2DL3*00101,0.911945028042409
8348204999,KIR2DL2*00101,KIR2DL3*00201,0.384772269908482
8579181393,KIR2DL3*00101,KIR2DL3*00201,0.807432885054311
35037591161,KIR2DL2*00101,KIR2DL3*00201,0.574945977672511
9337948611,KIR2DL3*00101,KIR2DL3*00101,0.910725800516754
5134861995,KIR2DL3*00101,KIR2DL3*00101,0.918422472069704
19014919349,KIR2DL2*00301,KIR2DL3*00101,0.407799247091087
7477578529,KIR2DL2*00101,KIR2DL3*00101,0.61821637456615
9726905752,KIR2DL3*00101,KIR2DL3*00101,0.901487461597496
31338699181,KIR2DL3*00101,KIR2DL3*00201,0.848847227664871
9664895838,KIR2DL3*00101,KIR2DL3*00201,0.854957927066539
9599847161,KIR2DL3*00101,KIR2DL3*00201,0.567587881735634
9515915462,KIR2DL3*00101,KIR2DL3*00101,0.904865260428919
9275696738,KIR2DL2*00101,KIR2DL3*00101,0.427063125987962
8313446438,KIR2DL2*00101,KIR2DL3*00201,0.398105025183431
16422609280,KIR2DL2*00101,KIR2DL3*00201,0.607091474751694
7641065482,KIR2DL3*00101,KIR2DL3*00101,0.861833033070815
9171594014,KIR2DL2*00301,KIR2DL3*00101,0.422048980364179
16120591322,KIR2DL3*00101,KIR2DL3*00201,0.821008987696031
28823597443,KIR2DL2*00301,KIR2DL3*00101,0.405330720285094
8173417673,KIR2DL3*00101,KIR2DL3*00101,0.79807814803898
14356075233,KIR2DL3*00101,KIR2DL3*00101,0.907797002547743
8202212787,KIR2DL3*00101,KIR2DL3*00201,0.860185792492536
8640304425,KIR2DL3*00101,KIR2DL3*00101,0.913890040416878
31650868431,KIR2DL2*00101,KIR2DL3*00101,0.55739862141473
7594392907,KIR2DL2*00301,KIR2DL3*00201,0.426699507211174
16404522979,KIR2DL2*00301,KIR2DL3*00101,0.417656436900915
33903452458,KIR2DL2*00101,KIR2DL3*00101,0.332572123812505
17336971683,KIR2DL3*00101,KIR2DL3*00101,0.919794988782813
18354288647,KIR2DL2*00101,KIR2DL3*00101,0.33646208214192
16549291590,KIR2DL2*00101,KIR2DL3*00101,0.459219455073366
32982750328,KIR2DL2*00101,KIR2DL3*00101,0.296750080162642
9569609486,KIR2DL2*00101,KIR2DL3*00501,0.363974821635786
8538440065,KIR2DL2*00101,KIR2DL3*00101,0.575798622788315
8623222765,KIR2DL3*00101,KIR2DL3*00101,0.911398147243814
36282750075,KIR2DL3*00101,KIR2DL3*00101,0.889447646067883
9727194632,KIR2DL3*00101,KIR2DL3*00101,0.907725969487302
9099685809,KIR2DL3*00101,KIR2DL3*00101,0.460642240160462
9550748543,KIR2DL3*00101,KIR2DL3*00101,0.897813559468745
8929604288,KIR2DL2*00101,KIR2DL3*00101,0.296777080693342
8338285548,KIR2DL3*00101,KIR2DL3*009,0.910804572291526
14380210542,KIR2DL2*00101,KIR2DL3*00201,0.544059465049342
13744359149,KIR2DL2*00101,KIR2DL3*00101,0.614394448398837
25681238043,KIR2DL2*00101,KIR2DL3*00101,0.512082304958348
5564076543,KIR2DL3*00101,KIR2DL3*00201,0.783863562262496
14907934206,KIR2DL2*00101,KIR2DL3*00101,0.670383289937587
18366293741,KIR2DL2*00101,KIR2DL2*00101,0.470992196046211
8665332135,KIR2DL3*00101,KIR2DL3*00101,0.173585113104163
7463699392,KIR2DL2*00101,KIR2DL3*00101,0.664683534680316
14459029795,KIR2DL3*00101,KIR2DL3*00101,0.907597652681548
16898969284,KIR2DL3*00101,KIR2DL3*00101,0.365692059382512
31961421239,KIR2DL2*00101,KIR2DL3*00101,0.642499762004667
8657916006,KIR2DL3*00101,KIR2DL3*00201,0.844448044484868
8463486656,KIR2DL3*00101,KIR2DL3*00101,0.902208056055658
16272801823,KIR2DL2*00301,KIR2DL3*00101,0.426075271433855
5598596824,KIR2DL2*00101,KIR2DL3*00101,0.415543375805788
7469597519,KIR2DL3*00101,KIR2DL3*00101,0.861144451155118
36240866106,KIR2DL3*00101,KIR2DL3*00101,0.902947394527672
31147132874,KIR2DL3*00101,KIR2DL3*00101,0.909121537676236
9082177269,KIR2DL2*00301,KIR2DL3*00101,0.424524062344232
16397772931,KIR2DL2*00101,KIR2DL3*00101,0.401136154294493
9745262534,KIR2DL3*00101,KIR2DL3*00201,0.825493499295013
9005884338,KIR2DL2*00602,KIR2DL3*00101,0.515822545604314
19606184729,KIR2DL2*00101,KIR2DL3*00101,0.239818205203227
16397496010,KIR2DL2*00301,KIR2DL3*00201,0.407462430216357
9751176301,KIR2DL3*00101,KIR2DL3*00101,0.901357516831266
14526452995,KIR2DL2*00101,KIR2DL3*00501,0.527247312894783
5283293130,KIR2DL2*00101,KIR2DL3*00101,0.543674000310645
9341065575,KIR2DL3*00101,KIR2DL3*00101,0.496259163157145
9368521168,KIR2DL3*00101,KIR2DL3*00201,0.80744465078269
5466288707,KIR2DL2*00101,KIR2DL3*00501,0.297977266162852
2762868266,KIR2DL3*00101,KIR2DL3*00101,0.907571047440164
8740072103,KIR2DL3*00201,KIR2DL3*00201,0.831421599944349
379924685,KIR2DL3*00101,KIR2DL3*00101,0.92744055653721
8446832796,KIR2DL3*00101,KIR2DL3*00101,0.799242519000691
1658334278,KIR2DL3*00201,KIR2DL3*00201,0.767206567556064
1878228339,KIR2DL2*00101,KIR2DL3*00101,0.513343203671833
8579861274,KIR2DL3*00101,KIR2DL3*00101,0.871461309292163
16452696076,KIR2DL2*00101,KIR2DL3*00101,0.442147521225225
17238222446,KIR2DL3*00201,KIR2DL3*00201,0.230814742003048
17782260490,KIR2DL3*00101,KIR2DL3*00201,0.843654897294321
2637748118,KIR2DL2*00101,KIR2DL3*00101,0.65615438451539
9763243955,KIR2DL2*00301,KIR2DL3*00101,0.397099242158712
14612050816,KIR2DL2*00101,KIR2DL2*00301,0.323281971899352
16103250222,KIR2DL3*00101,KIR2DL3*00101,0.910076903639852
16215595235,KIR2DL2*00301,KIR2DL3*00101,0.415861509503252
17342950770,KIR2DL3*00101,KIR2DL3*00101,0.91797522207595
19471768890,KIR2DL2*00101,KIR2DL3*00101,0.405680690556749
31536068855,KIR2DL3*00101,KIR2DL3*00201,0.833553928450573
9632350800,KIR2DL2*00101,KIR2DL2*00301,0.404724688604618
3067372987,KIR2DL2*00101,KIR2DL3*00101,0.4524797919226
9453979149,KIR2DL2*00101,KIR2DL3*00101,0.582444045233256
9260520400,KIR2DL3*00201,KIR2DL3*00201,0.772241328259909
17137998447,KIR2DL3*00101,KIR2DL3*00201,0.855473104847131
9153656753,KIR2DL3*00101,KIR2DL3*00101,0.901293235792497
14626262993,KIR2DL3*00101,KIR2DL3*00201,0.858973684279077
33920918679,KIR2DL2*00101,KIR2DL3*00101,0.465477321846067
9141088618,KIR2DL3*00101,KIR2DL3*00101,0.8831031963523
5125260863,KIR2DL2*00101,KIR2DL3*00201,0.598180710893016
19008305462,KIR2DL2*00101,KIR2DL3*00101,0.434450224572841
16375000144,KIR2DL3*00101,KIR2DL3*00201,0.86287428457695
9436145848,KIR2DL2*00101,KIR2DL3*00101,0.476669633704908
19758455950,KIR2DL3*00101,KIR2DL3*00201,0.795596926803296
31024699130,KIR2DL2*00101,KIR2DL2*00101,0.330758031196474
8294260736,KIR2DL2*00301,KIR2DL3*00101,0.417488048738871
8487840925,KIR2DL3*00101,KIR2DL3*00201,0.834128670449332
8487117804,KIR2DL3*00101,KIR2DL3*00101,0.851981136492253
17748088889,KIR2DL2*00301,KIR2DL3*00201,0.444878022361462
9673577889,KIR2DL3*00101,KIR2DL3*00101,0.925854653109277
6417500833,KIR2DL3*00101,KIR2DL3*00201,0.831527306359979
3207746753,KIR2DL2*00101,KIR2DL2*00301,0.44622177463385
7820605535,KIR2DL2*00101,KIR2DL3*00101,0.426679674887008
9711075293,KIR2DL2*00101,KIR2DL3*00101,0.425109817689939
14654886067,KIR2DL3*00101,KIR2DL3*00201,0.8482028303426
16390976882,KIR2DL3*00201,KIR2DL3*00501,0.212226562353207
8998229929,KIR2DL3*00101,KIR2DL3*00101,0.923566422098596
9705048366,KIR2DL2*00101,KIR2DL3*00101,0.630439044287384
19832332957,KIR2DL3*00101,KIR2DL3*00201,0.823289464628831
34066187771,KIR2DL3*00101,KIR2DL3*00101,0.899281776624359
8981853910,KIR2DL2*00301,KIR2DL3*00201,0.445135826318422
14037437456,KIR2DL2*00101,KIR2DL3*00101,0.622345402280498
18249893364,KIR2DL2*00101,KIR2DL3*00201,0.403172195312557
9075058300,KIR2DL2*00301,KIR2DL3*00201,0.429021336433964
8957229161,KIR2DL3*00101,KIR2DL3*00101,0.9088885465289
18927479686,KIR2DL2*00101,KIR2DL3*00201,0.413618994851261
8526591371,KIR2DL3*00101,KIR2DL3*00201,0.81635126846033
13744039908,KIR2DL3*00101,KIR2DL3*00101,0.921415647706443
15852506685,KIR2DL3*00101,KIR2DL3*00101,0.901357516831266
9553475427,KIR2DL3*00101,KIR2DL3*006,0.472338279245856
8637229782,KIR2DL2*00101,KIR2DL3*00101,0.58567857374607
5273019478,KIR2DL2*00101,KIR2DL3*00501,0.383945061965827
31343970788,KIR2DL3*00101,KIR2DL3*00201,0.802491895154321
31660452082,KIR2DL3*00101,KIR2DL3*00201,0.860397253973786
9721424385,KIR2DL2*00101,KIR2DL3*009,0.458713685329347
20004211241,KIR2DL2*00101,KIR2DL3*00201,0.415917142501609
8461795694,KIR2DL2*00101,KIR2DL3*00501,0.37542081830055
9733989760,KIR2DL3*00101,KIR2DL3*009,0.748932442146185
9187915754,KIR2DL3*00101,KIR2DL3*00201,0.837676902783568
5129368668,KIR2DL3*00101,KIR2DL3*00201,0.628323470143984
3032843506,KIR2DL3*00101,KIR2DL3*00501,0.747079068729341
17209865252,KIR2DL3*00101,KIR2DL3*00201,0.837356927843093
6532406209,KIR2DL2*00301,KIR2DL3*00101,0.45458489445362
9290906196,KIR2DL2*00101,KIR2DL3*00101,0.467172784622153
9366303045,KIR2DL2*00301,KIR2DL3*00101,0.417749372793778
32927811543,KIR2DL3*00101,KIR2DL3*00101,0.875810007572208
7653709977,KIR2DL2*00101,KIR2DL3*00201,0.403923721502654
9501086885,KIR2DL2*00101,KIR2DL3*00101,0.662402377518836
9720031504,KIR2DL3*00101,KIR2DL3*00101,0.901620007944234
30609047237,KIR2DL3*00101,KIR2DL3*00201,0.851483328962989
8424531970,KIR2DL2*00101,KIR2DL3*00101,0.47534339314223
33384422804,KIR2DL3*00101,KIR2DL3*00101,0.907575791853421
31983127744,KIR2DL2*00301,KIR2DL3*00101,0.4484124448163
17094482395,KIR2DL3*00101,KIR2DL3*00101,0.882066779960619
19304901853,KIR2DL3*00101,KIR2DL3*00201,0.855455343611494
32384492940,KIR2DL3*00101,KIR2DL3*00201,0.867932452616098
16579461186,KIR2DL3*00101,KIR2DL3*00201,0.785616409325118
278213964,KIR2DL3*00101,KIR2DL3*00201,0.859382942666057
18889200281,KIR2DL3*00101,KIR2DL3*006,0.612548780217078
45744033918,KIR2DL2*00301,KIR2DL3*00101,0.434084218369044
3511589073,KIR2DL2*00101,KIR2DL3*00501,0.355391903474529
9327315239,KIR2DL2*00101,KIR2DL2*00301,0.383035388077549
32217200861,KIR2DL2*00602,KIR2DL3*006,0.338807228772931
32213905418,KIR2DL3*00201,KIR2DL3*00501,0.69094587748087
9186210072,KIR2DL2*00101,KIR2DL3*00101,0.623111495657567
17948651887,KIR2DL2*00301,KIR2DL3*00101,0.442738098048827
13593500130,KIR2DL3*00101,KIR2DL3*00201,0.83060707977293
14286904951,KIR2DL2*00101,KIR2DL3*00201,0.594297017829238
9372524092,KIR2DL3*00101,KIR2DL3*00101,0.902067183711205
8143609637,KIR2DL2*00101,KIR2DL3*00101,0.471083117751265
17822904298,KIR2DL3*00101,KIR2DL3*00201,0.855537279010318
5471630233,KIR2DL3*00101,KIR2DL3*00101,0.928734110806308
5962532695,KIR2DL2*00101,KIR2DL3*00101,0.523403253527642
8978673466,KIR2DL3*00101,KIR2DL3*00201,0.824727172547308
4941613006,KIR2DL2*00301,KIR2DL3*00101,0.430403769209875
7463635912,KIR2DL2*00101,KIR2DL3*00201,0.56045057651104
16390969522,KIR2DL3*00101,KIR2DL3*00101,0.860260577269867
7419126259,KIR2DL2*00301,KIR2DL3*00101,0.43075345931282
9616373141,KIR2DL2*00101,KIR2DL3*009,0.459685267355504
25877754875,KIR2DL3*00101,KIR2DL3*00101,0.877558400992391
16109764750,KIR2DL2*00101,KIR2DL3*00101,0.51140890500044
17390701586,KIR2DL2*00101,KIR2DL2*00301,0.164670280559233
102033756,KIR2DL3*00101,KIR2DL3*00201,0.847626186008003
17196217036,KIR2DL3*00201,KIR2DL3*00201,0.621141797599669
25419922773,KIR2DL2*00101,KIR2DL3*00201,0.411923859467837
8436924385,KIR2DL3*00101,KIR2DL3*00501,0.619999476604542
16201509098,KIR2DL2*00101,KIR2DL3*00201,0.415819690475397
14648479179,KIR2DL3*00101,KIR2DL3*00101,0.926667648533119
16562985806,KIR2DL3*00201,KIR2DL3*00201,0.818125210973977
16780750064,KIR2DL3*00101,KIR2DL3*00201,0.758825157564839
16986718068,KIR2DL3*00101,KIR2DL3*00101,0.922657592424636
31500637773,KIR2DL3*00101,KIR2DL3*01202,0.353907733904902
13432397819,KIR2DL2*00101,KIR2DL3*00101,0.635189070524541
5292878622,KIR2DL2*00101,KIR2DL3*00101,0.461344709033397
9551186464,KIR2DL2*00301,KIR2DL3*00101,0.449978868049349
9173227936,KIR2DL3*00101,KIR2DL3*00101,0.916937007994037
6238982902,KIR2DL2*00101,KIR2DL3*00101,0.616371854657373
311603564,KIR2DL3*00101,KIR2DL3*00101,0.926563015941243
7789443258,KIR2DL2*00301,KIR2DL3*00101,0.487038841078977
32263639756,KIR2DL2*00101,KIR2DL3*00201,0.440021917340079
31586619235,KIR2DL3*00101,KIR2DL3*00201,0.846686995443375
5449196927,KIR2DL2*00101,KIR2DL2*00101,0.479779311820961
34854951625,KIR2DL3*00501,KIR2DL3*00501,0.709949695652591
31214001314,KIR2DL2*00301,KIR2DL3*00201,0.436281958960093
27086225066,KIR2DL2*00101,KIR2DL2*00101,0.321907196735164
9328549880,KIR2DL3*00101,KIR2DL3*00201,0.841337143704744
9738131605,KIR2DL3*00101,KIR2DL3*009,0.926136616289963
31221273922,KIR2DL3*00501,KIR2DL3*01202,0.192036801293208
8980506108,KIR2DL3*00101,KIR2DL3*00101,0.904282434117294
28708462067,KIR2DL3*00101,KIR2DL3*00501,0.725914312568293
9116082989,KIR2DL3*00101,KIR2DL3*00201,0.719222964646517
30950812922,KIR2DL2*00101,KIR2DL3*00101,0.654914136042942
31521128037,KIR2DL2*00101,KIR2DL3*00201,0.471661530151017
36001221462,KIR2DL3*00101,KIR2DL3*00101,0.908088050650115
17404667203,KIR2DL3*00101,KIR2DL3*00101,0.903716474129479
16422689320,KIR2DL2*00101,KIR2DL3*00101,0.604031008164977
30844780036,KIR2DL3*00101,KIR2DL3*00101,0.910264394365357
14707143969,KIR2DL3*00101,KIR2DL3*00101,0.8843020197516
9603793046,KIR2DL2*00301,KIR2DL3*00501,0.348807842818971
9164121766,KIR2DL3*00101,KIR2DL3*00101,0.271155794639355
9441775334,KIR2DL3*00101,KIR2DL3*00101,0.915018739066912
35068910758,KIR2DL2*00101,KIR2DL3*00101,0.517229508873212
8917828274,KIR2DL3*00101,KIR2DL3*00101,0.915130502257163
14227778321,KIR2DL2*00101,KIR2DL3*00201,0.399458419283562
9612741897,KIR2DL2*00101,KIR2DL3*00201,0.403034463026842
16113093313,KIR2DL2*00101,KIR2DL3*00101,0.277916334146224
8228104377,KIR2DL2*00101,KIR2DL3*00101,0.622882185754891
32073346731,KIR2DL2*00301,KIR2DL3*00101,0.479387015458558
5231233949,KIR2DL2*00301,KIR2DL3*00501,0.348877645137204
17180471217,KIR2DL2*00301,KIR2DL3*009,0.273208713342257
5206011199,KIR2DL2*00101,KIR2DL3*00101,0.294268684075851
9179577784,KIR2DL2*00101,KIR2DL3*00101,0.36211258577669
16414352270,KIR2DL2*00101,KIR2DL3*00101,0.39418742740995
20551952289,KIR2DL3*00101,KIR2DL3*00101,0.873492822185036
51542403343,KIR2DL2*00101,KIR2DL3*00101,0.284690205257976
5243264803,KIR2DL3*00101,KIR2DL3*00201,0.829154318783291
5598364984,KIR2DL3*00201,KIR2DL3*00201,0.815501531314837
14438156810,KIR2DL2*00101,KIR2DL3*00201,0.390790245930615
18967140933,KIR2DL3*00101,KIR2DL3*00101,0.809698808118406
9293228278,KIR2DL3*00101,KIR2DL3*00101,0.892550221841965
9487365988,KIR2DL3*00101,KIR2DL3*00101,0.896984685572663
16467550413,KIR2DL3*00101,KIR2DL3*00101,0.898665534983092
7503920920,KIR2DL2*00301,KIR2DL3*00101,0.442224869208864
14141351579,KIR2DL2*00101,KIR2DL3*00201,0.402598139999264
37534654438,KIR2DL3*00101,KIR2DL3*00201,0.853889929869626
9004314816,KIR2DL3*00101,KIR2DL3*00101,0.854914964078818
16404545979,KIR2DL2*00301,KIR2DL3*00101,0.413705392330181
7599871513,KIR2DL2*00101,KIR2DL3*00101,0.66379264306778
32259713192,KIR2DL3*00101,KIR2DL3*00101,0.928123529392866
9158744359,KIR2DL3*00201,KIR2DL3*00201,0.816875142666396
14639763089,KIR2DL3*00101,KIR2DL3*00101,0.886893571526977
16556197118,KIR2DL2*00101,KIR2DL3*00201,0.413618994851261
25997533497,KIR2DL2*00101,KIR2DL2*00301,0.356157520682952
18847736751,KIR2DL2*00101,KIR2DL2*00301,0.44622177463385
35950890042,KIR2DL3*00101,KIR2DL3*00101,0.896806618072168
9321328792,KIR2DL3*00101,KIR2DL3*00101,0.720918515480688
9287365111,KIR2DL3*00101,KIR2DL3*00201,0.821304610768657
8579998354,KIR2DL2*00101,KIR2DL3*00201,0.55785871561605
31961522439,KIR2DL3*00101,KIR2DL3*00201,0.844502393198692
8620910802,KIR2DL2*00101,KIR2DL3*00101,0.621110914314903
9020323755,KIR2DL3*00101,KIR2DL3*00201,0.85724321967878
8683681557,KIR2DL3*00101,KIR2DL3*00201,0.605473971867529
100785314,KIR2DL3*00101,KIR2DL3*00201,0.831692311485615
14900538318,KIR2DL3*00201,KIR2DL3*00201,0.506857084043453
2787788336,KIR2DL2*00101,KIR2DL3*00501,0.371028697367087
8950620793,KIR2DL2*00101,KIR2DL3*00101,0.617625011226125
7395630352,KIR2DL3*00101,KIR2DL3*00201,0.637370232845089
8992768803,KIR2DL3*00101,KIR2DL3*00101,0.894861014250176
8935543815,KIR2DL2*00101,KIR2DL3*00101,0.292434180664505
9274940497,KIR2DL2*00301,KIR2DL3*00201,0.425658343498282
16391106603,KIR2DL2*00101,KIR2DL3*00101,0.458845367085556
8218314646,KIR2DL3*00101,KIR2DL3*00201,0.822558382561351
35332552710,KIR2DL2*00301,KIR2DL3*00101,0.393429932302178
9157491318,KIR2DL3*00101,KIR2DL3*00201,0.412458741007383
9714527137,KIR2DL2*00101,KIR2DL3*00101,0.658263749462683
